Order Tracker,,,,,,,,,,,,,,,,,,,,,,
,,,,,,,,,,,,,,,,,,,,,,
Security,Side,Order Qty,Order Price,Order Value,Order Status,Remaining Qty,Reject Reason,Contra Broker,Account ID,Last Filled Quantity,Filled Qty,TIF,Expiry Date,Disclose Qty,Minimum Qty,Order Date and Time,Client Order Id,Last Change Time,Execution Id,Trader Report Id,Exchange Order Id,Exchange
HAYL.N0000,BUY,100,229.75,"22,975.00",FILLED,0,,ARR,CAS/92390-LI/0,100,100,DAY,,0,0,2026-01-22 05:18:06.0,92390LI0-wov8oHkRh,2026-01-22 10:48:06,E0Q0pnJO5NUM,,O0Q0ps9Qeky5,CSE
HAYL.N0000,BUY,100,229.75,"22,975.00",NEW,100,,,CAS/92390-LI/0,0,0,DAY,,100,0,2026-01-22 05:13:27.0,92390LI0-wov8oHkRh,2026-01-22 10:43:27,E0Q0pnJO5Msa,,O0Q0ps9Qeky5,CSE
TJL.N0000,BUY,500,34.20,"17,100.00",EXPIRED,0,Expired (end of day),,CAS/92390-LI/0,0,0,DAY,,0,0,2026-01-21 09:31:00.0,92390LI0-woloO9SP4,2026-01-21 15:02:16,E0Q06g9NQ8IL,,O0Q06kzPz7Bf,CSE
PALM.N0000,BUY,200,69.00,"13,800.00",EXPIRED,0,Expired (end of day),,CAS/92390-LI/0,0,0,DAY,,0,0,2026-01-21 09:31:00.0,92390LI0-wotJyNsgm,2026-01-21 15:02:08,E0Q06g9NQ7VQ,,O0Q06kzPz75d,CSE
TJL.N0000,BUY,500,34.20,"17,100.00",NEW,500,,,CAS/92390-LI/0,0,0,DAY,,500,0,2026-01-21 07:55:58.0,92390LI0-woloO9SP4,2026-01-21 13:25:58,E0Q06g9NPvAR,,O0Q06kzPz7Bf,CSE
TJL.N0000,BUY,500,34.20,"17,100.00",P.CHANGE,500,,,CAS/92390-LI/0,0,0,DAY,2026-01-21,500,0,2026-01-21 13:25:20.0,92390LI0-woloO9SP4,2026-01-21 13:25:58,,,O0Q06kzPz7Bf,CSE
TJL.N0000,BUY,100,34.00,"3,400.00",NEW,100,,,CAS/92390-LI/0,0,0,DAY,,100,0,2026-01-21 07:55:20.0,92390LI0-wom3ZFlww,2026-01-21 13:25:20,E0Q06g9NPv5a,,O0Q06kzPz7Bf,CSE
PALM.N0000,BUY,200,69.00,"13,800.00",NEW,200,,,CAS/92390-LI/0,0,0,DAY,,200,0,2026-01-21 07:53:30.0,92390LI0-wotJyNsgm,2026-01-21 13:23:30,E0Q06g9NPuqk,,O0Q06kzPz75d,CSE
TJL.N0000,BUY,500,34.00,"17,000.00",EXPIRED,0,Expired (end of day),,CAS/92390-LI/0,0,0,DAY,,0,0,2026-01-19 09:18:18.0,92390LI0-wo2ds3FFT,2026-01-19 14:49:46,E0PyeI9Gv4jc,,O0PyeMzJU7fv,CSE
TJL.N0000,BUY,100,34.20,"3,420.00",EXPIRED,0,Expired (end of day),,CAS/92390-LI/0,0,0,DAY,,0,0,2026-01-19 09:18:18.0,92390LI0-woHaAgxzH,2026-01-19 14:49:46,E0PyeI9Gv4jU,,O0PyeMzJU7Yg,CSE
TJL.N0000,BUY,100,34.50,"3,450.00",EXPIRED,0,Expired (end of day),,CAS/92390-LI/0,0,0,DAY,,0,0,2026-01-19 09:18:18.0,92390LI0-woi1tnFMm,2026-01-19 14:49:46,E0PyeI9Gv4jI,,O0PyeMzJU7Wz,CSE
SMOT.N0000,BUY,3,"1,550.00","4,650.00",EXPIRED,0,Expired (end of day),,CAS/92390-LI/0,0,0,DAY,,0,0,2026-01-19 09:18:18.0,92390LI0-woM2aO720,2026-01-19 14:49:39,E0PyeI9Gv4am,,O0PyeMzJU8YQ,CSE
SMOT.N0000,BUY,3,"1,550.00","4,650.00",EXPIRED,0,Expired (end of day),,CAS/92390-LI/0,0,0,DAY,,0,0,2026-01-19 09:18:18.0,92390LI0-woddLwaUf,2026-01-19 14:49:39,E0PyeI9Gv4an,,O0PyeMzJU9AB,CSE
SMOT.N0000,BUY,1,"1,600.00","1,600.00",EXPIRED,0,Expired (end of day),,CAS/92390-LI/0,0,0,DAY,,0,0,2026-01-19 09:18:18.0,92390LI0-wohHGK1dg,2026-01-19 14:49:39,E0PyeI9Gv4al,,O0PyeMzJU9Cr,CSE
NTB.N0000,BUY,20,332.00,"6,640.00",EXPIRED,0,Expired (end of day),,CAS/92390-LI/0,0,0,DAY,,0,0,2026-01-19 09:18:18.0,92390LI0-wo5WBdK59,2026-01-19 14:49:35,E0PyeI9Gv3tw,,O0PyeMzJU89y,CSE
OSEA.N0000,BUY,100,46.90,"4,690.00",EXPIRED,0,Expired (end of day),,CAS/92390-LI/0,0,0,DAY,,0,0,2026-01-19 09:18:18.0,92390LI0-wowPvJSV1,2026-01-19 14:49:35,E0PyeI9Gv3vY,,O0PyeMzJU8En,CSE
HARI.N0000,BUY,1,"5,500.00","5,500.00",EXPIRED,0,Expired (end of day),,CAS/92390-LI/0,0,0,DAY,,0,0,2026-01-19 09:18:18.0,92390LI0-wo7R1d6bB,2026-01-19 14:48:49,E0PyeI9Gv2zC,,O0PyeMzJU84y,CSE
DOCK.N0000,BUY,50,107.00,"5,350.00",FILLED,0,,MSB,CAS/92390-LI/0,50,50,DAY,,0,0,2026-01-19 08:28:20.0,92390LI0-woTI1AURT,2026-01-19 13:58:21,E0PyeI9Guxl4,,O0PyeMzJU98A,CSE
DOCK.N0000,BUY,50,107.50,"5,375.00",FILLED,0,,MSB,CAS/92390-LI/0,50,50,DAY,,0,0,2026-01-19 08:28:20.0,92390LI0-wohmhqw62,2026-01-19 13:58:21,E0PyeI9GuxkT,,O0PyeMzJU96Q,CSE
SMOT.N0000,BUY,1,"1,600.00","1,600.00",NEW,1,,,CAS/92390-LI/0,0,0,DAY,,1,0,2026-01-19 07:55:33.0,92390LI0-wohHGK1dg,2026-01-19 13:25:33,E0PyeI9Guu81,,O0PyeMzJU9Cr,CSE
SMOT.N0000,BUY,3,"1,550.00","4,650.00",NEW,3,,,CAS/92390-LI/0,0,0,DAY,,3,0,2026-01-19 07:54:32.0,92390LI0-woddLwaUf,2026-01-19 13:24:32,E0PyeI9Guu1R,,O0PyeMzJU9AB,CSE
DOCK.N0000,BUY,50,107.00,"5,350.00",NEW,50,,,CAS/92390-LI/0,0,0,DAY,,50,0,2026-01-19 07:53:44.0,92390LI0-woTI1AURT,2026-01-19 13:23:44,E0PyeI9GutxT,,O0PyeMzJU98A,CSE
DOCK.N0000,BUY,50,107.50,"5,375.00",NEW,50,,,CAS/92390-LI/0,0,0,DAY,,50,0,2026-01-19 07:53:29.0,92390LI0-wohmhqw62,2026-01-19 13:23:29,E0PyeI9Gutw1,,O0PyeMzJU96Q,CSE
DOCK.N0000,BUY,50,107.50,"5,375.00",P.CHANGE,50,,,CAS/92390-LI/0,0,0,DAY,2026-01-19,50,0,2026-01-19 13:23:04.0,92390LI0-wohmhqw62,2026-01-19 13:23:29,,,O0PyeMzJU96Q,CSE
DOCK.N0000,BUY,50,108.00,"5,400.00",NEW,50,,,CAS/92390-LI/0,0,0,DAY,,50,0,2026-01-19 07:53:04.0,92390LI0-woNYyRLWw,2026-01-19 13:23:04,E0PyeI9Guttl,,O0PyeMzJU96Q,CSE
DOCK.N0000,BUY,50,110.00,"5,500.00",FILLED,0,,FWS,CAS/92390-LI/0,50,50,DAY,,0,0,2026-01-19 07:46:05.0,92390LI0-woPZlbZM1,2026-01-19 13:16:06,E0PyeI9Gut7r,,O0PyeMzJU8Uc,CSE
DOCK.N0000,BUY,50,111.00,"5,550.00",FILLED,0,,FWS,CAS/92390-LI/0,50,50,DAY,,0,0,2026-01-19 07:46:05.0,92390LI0-wovqpWdOZ,2026-01-19 13:16:05,E0PyeI9Gut4P,,O0PyeMzJU8Tr,CSE
SMOT.N0000,BUY,3,"1,550.00","4,650.00",NEW,3,,,CAS/92390-LI/0,0,0,DAY,,3,0,2026-01-19 07:39:13.0,92390LI0-woM2aO720,2026-01-19 13:09:13,E0PyeI9GusQG,,O0PyeMzJU8YQ,CSE
DOCK.N0000,BUY,50,110.00,"5,500.00",NEW,50,,,CAS/92390-LI/0,0,0,DAY,,50,0,2026-01-19 07:37:41.0,92390LI0-woPZlbZM1,2026-01-19 13:07:41,E0PyeI9GusFc,,O0PyeMzJU8Uc,CSE
DOCK.N0000,BUY,50,111.00,"5,550.00",NEW,50,,,CAS/92390-LI/0,0,0,DAY,,50,0,2026-01-19 07:37:26.0,92390LI0-wovqpWdOZ,2026-01-19 13:07:26,E0PyeI9GusE0,,O0PyeMzJU8Tr,CSE
SMOT.N0000,BUY,5,"1,666.00","8,330.00",FILLED,0,,ASI,CAS/92390-LI/0,5,5,DAY,,0,0,2026-01-19 07:36:03.0,92390LI0-wo3IHM3bn,2026-01-19 13:06:03,E0PyeI9Gus3L,,O0PyeMzJU85c,CSE
SMOT.N0000,BUY,5,"1,666.00","8,330.00",FILLED,0,,ASI,CAS/92390-LI/0,5,5,DAY,,0,0,2026-01-19 07:36:03.0,92390LI0-woAADILWB,2026-01-19 13:06:03,E0PyeI9Gus3J,,O0PyeMzJU7yi,CSE
OSEA.N0000,BUY,100,46.90,"4,690.00",NEW,100,,,CAS/92390-LI/0,0,0,DAY,,100,0,2026-01-19 07:31:24.0,92390LI0-wowPvJSV1,2026-01-19 13:01:24,E0PyeI9GurQS,,O0PyeMzJU8En,CSE
NTB.N0000,BUY,20,332.00,"6,640.00",NEW,20,,,CAS/92390-LI/0,0,0,DAY,,20,0,2026-01-19 07:28:53.0,92390LI0-wo5WBdK59,2026-01-19 12:58:53,E0PyeI9GurF8,,O0PyeMzJU89y,CSE
SMOT.N0000,BUY,5,"1,666.00","8,330.00",NEW,5,,,CAS/92390-LI/0,0,0,DAY,,5,0,2026-01-19 07:26:52.0,92390LI0-wo3IHM3bn,2026-01-19 12:56:52,E0PyeI9Gur5d,,O0PyeMzJU85c,CSE
HARI.N0000,BUY,1,"5,500.00","5,500.00",NEW,1,,,CAS/92390-LI/0,0,0,DAY,,1,0,2026-01-19 07:26:29.0,92390LI0-wo7R1d6bB,2026-01-19 12:56:29,E0PyeI9Gur4T,,O0PyeMzJU84y,CSE
SMOT.N0000,BUY,5,"1,666.00","8,330.00",NEW,5,,,CAS/92390-LI/0,0,0,DAY,,5,0,2026-01-19 07:23:44.0,92390LI0-woAADILWB,2026-01-19 12:53:44,E0PyeI9Guqqu,,O0PyeMzJU7yi,CSE
TJL.N0000,BUY,500,34.00,"17,000.00",NEW,500,,,CAS/92390-LI/0,0,0,DAY,,500,0,2026-01-19 07:15:23.0,92390LI0-wo2ds3FFT,2026-01-19 12:45:23,E0PyeI9Guq96,,O0PyeMzJU7fv,CSE
TJL.N0000,BUY,100,34.20,"3,420.00",NEW,100,,,CAS/92390-LI/0,0,0,DAY,,100,0,2026-01-19 07:12:16.0,92390LI0-woHaAgxzH,2026-01-19 12:42:16,E0PyeI9Gups3,,O0PyeMzJU7Yg,CSE
TJL.N0000,BUY,100,34.50,"3,450.00",NEW,100,,,CAS/92390-LI/0,0,0,DAY,,100,0,2026-01-19 07:11:37.0,92390LI0-woi1tnFMm,2026-01-19 12:41:37,E0PyeI9Gupo1,,O0PyeMzJU7Wz,CSE
TJL.N0000,BUY,500,35.30,"17,650.00",FILLED,0,,ASI,CAS/92390-LI/0,500,500,DAY,,0,0,2026-01-19 06:30:42.0,92390LI0-woLy28gAr,2026-01-19 12:00:42,E0PyeI9Gulrr,,O0PyeMzJTv8X,CSE
TJL.N0000,BUY,500,35.30,"17,650.00",NEW,500,,,CAS/92390-LI/0,0,0,DAY,,500,0,2026-01-19 03:30:52.0,92390LI0-woLy28gAr,2026-01-19 09:31:51,0,,O0PyeMzJTv8X,CSE
TJL.N0000,BUY,500,35.30,"17,650.00",NEW,500,,,CAS/92390-LI/0,0,0,DAY,,500,0,2026-01-19 03:30:52.0,92390LI0-woLy28gAr,2026-01-19 09:00:52,E0PyeI9GuP40,,O0PyeMzJTv8X,CSE
TJL.N0000,BUY,500,35.30,"17,650.00",QUEUED,500,,,CAS/92390-LI/0,0,0,DAY,2026-01-16,500,0,2026-01-16 22:37:40.0,92390LI0-woLy28gAr,2026-01-16 22:37:40,,,-,CSE
DOCK.N0000,BUY,230,114.00,"26,220.00",EXPIRED,0,Expired (end of day),,CAS/92390-LI/0,0,0,DAY,,0,0,2026-01-16 09:22:08.0,92390LI0-woLUSgKX3,2026-01-16 14:52:37,E0PwTj3eeXY6,,O0PwTnthDhZy,CSE
DOCK.N0000,BUY,230,114.00,"26,220.00",NEW,230,,,CAS/92390-LI/0,0,0,DAY,,230,0,2026-01-16 08:55:53.0,92390LI0-woLUSgKX3,2026-01-16 14:25:53,E0PwTj3eeVSJ,,O0PwTnthDhZy,CSE
DOCK.N0000,BUY,100,115.50,"11,550.00",FILLED,0,,ASI,CAS/92390-LI/0,100,100,DAY,,0,0,2026-01-16 08:55:00.0,92390LI0-woasR2jyA,2026-01-16 14:25:01,E0PwTj3eeVIU,,O0PwTnthDhB3,CSE
DOCK.N0000,BUY,50,115.75,"5,787.50",FILLED,0,,ASI,CAS/92390-LI/0,50,50,DAY,,0,0,2026-01-16 08:55:00.0,92390LI0-wopRxE1uJ,2026-01-16 14:25:00,E0PwTj3eeVIK,,O0PwTnthDh9V,CSE
DOCK.N0000,BUY,50,116.00,"5,800.00",FILLED,0,,ASI,CAS/92390-LI/0,50,50,DAY,,0,0,2026-01-16 08:54:42.0,92390LI0-wotkSz39A,2026-01-16 14:24:42,E0PwTj3eeVFN,,O0PwTnthDhCn,CSE
DOCK.N0000,BUY,50,116.00,"5,800.00",NEW,50,,,CAS/92390-LI/0,0,0,DAY,,50,0,2026-01-16 08:49:09.0,92390LI0-wotkSz39A,2026-01-16 14:19:09,E0PwTj3eeUQF,,O0PwTnthDhCn,CSE
DOCK.N0000,BUY,100,115.50,"11,550.00",NEW,100,,,CAS/92390-LI/0,0,0,DAY,,100,0,2026-01-16 08:48:38.0,92390LI0-woasR2jyA,2026-01-16 14:18:38,E0PwTj3eeUMQ,,O0PwTnthDhB3,CSE
DOCK.N0000,BUY,50,115.75,"5,787.50",NEW,50,,,CAS/92390-LI/0,0,0,DAY,,50,0,2026-01-16 08:48:09.0,92390LI0-wopRxE1uJ,2026-01-16 14:18:09,E0PwTj3eeUJJ,,O0PwTnthDh9V,CSE
DOCK.N0000,BUY,40,116.00,"4,640.00",FILLED,0,,FWS,CAS/92390-LI/0,35,40,DAY,,0,0,2026-01-16 08:47:01.0,92390LI0-woomw5mYd,2026-01-16 14:17:01,E0PwTj3eeU7p,,O0PwTnthDh2K,CSE
DOCK.N0000,BUY,40,116.00,"4,640.00",P.FILLED,35,,STS,CAS/92390-LI/0,5,5,DAY,,35,0,2026-01-16 08:46:21.0,92390LI0-woomw5mYd,2026-01-16 14:16:21,E0PwTj3eeU2k,,O0PwTnthDh2K,CSE
DOCK.N0000,BUY,40,116.00,"4,640.00",NEW,40,,,CAS/92390-LI/0,0,0,DAY,,40,0,2026-01-16 08:46:09.0,92390LI0-woomw5mYd,2026-01-16 14:16:09,E0PwTj3eeU1F,,O0PwTnthDh2K,CSE
DOCK.N0000,BUY,100,116.50,"11,650.00",FILLED,0,,ASI,CAS/92390-LI/0,100,100,DAY,,0,0,2026-01-16 08:45:25.0,92390LI0-wouHX8UuE,2026-01-16 14:15:25,E0PwTj3eeTwe,,O0PwTnthDh09,CSE
DOCK.N0000,BUY,100,116.50,"11,650.00",NEW,100,,,CAS/92390-LI/0,0,0,DAY,,100,0,2026-01-16 08:45:22.0,92390LI0-wouHX8UuE,2026-01-16 14:15:22,E0PwTj3eeTwR,,O0PwTnthDh09,CSE
DOCK.N0000,BUY,100,116.75,"11,675.00",FILLED,0,,ASI,CAS/92390-LI/0,100,100,DAY,,0,0,2026-01-16 08:45:01.0,92390LI0-wo14kqYL7,2026-01-16 14:15:01,E0PwTj3eeTpo,,O0PwTnthDgys,CSE
DOCK.N0000,BUY,100,116.75,"11,675.00",NEW,100,,,CAS/92390-LI/0,0,0,DAY,,100,0,2026-01-16 08:44:56.0,92390LI0-wo14kqYL7,2026-01-16 14:14:56,E0PwTj3eeTpU,,O0PwTnthDgys,CSE
RAL.N0000,BUY,400,13.80,"5,520.00",EXPIRED,0,Expired (end of day),,CAS/92390-LI/0,0,0,DAY,,0,0,2026-01-13 09:27:00.0,92390LI0-woab04s3p,2026-01-13 14:58:11,E0PuIqbs5IHP,,O0PuIvRuePUN,CSE
KHL.N0000,BUY,500,21.80,"10,900.00",EXPIRED,0,Expired (end of day),,CAS/92390-LI/0,0,0,DAY,,0,0,2026-01-13 09:27:00.0,92390LI0-woPxjKIIQ,2026-01-13 14:58:10,E0PuIqbs5Hbi,,O0PuIvRueP59,CSE
EDEN.N0000,BUY,800,13.20,"10,560.00",EXPIRED,0,Expired (end of day),,CAS/92390-LI/0,0,0,DAY,,0,0,2026-01-13 09:27:00.0,92390LI0-wo7Wn92iV,2026-01-13 14:58:02,E0PuIqbs5H6e,,O0PuIvRuePGo,CSE
JETS.N0000,BUY,500,19.20,"9,600.00",FILLED,0,,LSL,CAS/92390-LI/0,500,500,DAY,,0,0,2026-01-13 07:50:01.0,92390LI0-wowUOfg1R,2026-01-13 13:20:01,E0PuIqbs56zy,,O0PuIvRuePEw,CSE
RAL.N0000,BUY,400,13.80,"5,520.00",NEW,400,,,CAS/92390-LI/0,0,0,DAY,,400,0,2026-01-13 07:47:16.0,92390LI0-woab04s3p,2026-01-13 13:17:16,E0PuIqbs56jk,,O0PuIvRuePUN,CSE
EDEN.N0000,BUY,800,13.20,"10,560.00",NEW,800,,,CAS/92390-LI/0,0,0,DAY,,800,0,2026-01-13 07:42:04.0,92390LI0-wo7Wn92iV,2026-01-13 13:12:04,E0PuIqbs56Bt,,O0PuIvRuePGo,CSE
JETS.N0000,BUY,500,19.20,"9,600.00",NEW,500,,,CAS/92390-LI/0,0,0,DAY,,500,0,2026-01-13 07:41:24.0,92390LI0-wowUOfg1R,2026-01-13 13:11:24,E0PuIqbs567n,,O0PuIvRuePEw,CSE
KHL.N0000,BUY,500,21.80,"10,900.00",NEW,500,,,CAS/92390-LI/0,0,0,DAY,,500,0,2026-01-13 07:36:59.0,92390LI0-woPxjKIIQ,2026-01-13 13:06:59,E0PuIqbs55hU,,O0PuIvRueP59,CSE
ALUM.N0000,BUY,50,21.00,"1,050.00",CANCELED,0,Cancelled by Owner,,CAS/92390-LI/0,0,0,DAY,,0,0,2026-01-13 07:30:42.0,92390LI0-wo3EZvjlU,2026-01-13 13:00:42,E0PuIqbs55Af,,O0PuIvRueOcy,CSE
ALUM.N0000,BUY,0,0.00,0.00,P.CHANGE,0,,,CAS/92390-LI/0,0,0,,,0,0,2026-01-13 12:54:46.0,92390LI0-wo3EZvjlU,2026-01-13 13:00:42,,,O0PuIvRueOcy,CSE
CIC.X0000,BUY,50,29.00,"1,450.00",CANCELED,0,Cancelled by Owner,,CAS/92390-LI/0,0,0,DAY,,0,0,2026-01-13 07:30:39.0,92390LI0-wooEQBKij,2026-01-13 13:00:39,E0PuIqbs55AJ,,O0PuIvRueOeX,CSE
CIC.X0000,BUY,0,0.00,0.00,P.CHANGE,0,,,CAS/92390-LI/0,0,0,,,0,0,2026-01-13 12:55:23.0,92390LI0-wooEQBKij,2026-01-13 13:00:39,,,O0PuIvRueOeX,CSE
CIC.X0000,BUY,50,29.00,"1,450.00",NEW,50,,,CAS/92390-LI/0,0,0,DAY,,50,0,2026-01-13 07:25:23.0,92390LI0-wot54nL04,2026-01-13 12:55:23,E0PuIqbs54il,,O0PuIvRueOeX,CSE
ALUM.N0000,BUY,50,21.00,"1,050.00",NEW,50,,,CAS/92390-LI/0,0,0,DAY,,50,0,2026-01-13 07:24:46.0,92390LI0-woEr13h70,2026-01-13 12:54:46,E0PuIqbs54eh,,O0PuIvRueOcy,CSE
MELS.N0000,SELL,25,177.25,"4,431.25",EXPIRED,0,Expired (end of day),,CAS/92390-LI/0,0,0,DAY,,0,0,2026-01-12 09:18:27.0,92390LI0-woqn1b9sD,2026-01-12 14:49:10,E0PtZt7wYwpJ,,O0PtZxxz7x0a,CSE
NTB.X0000,BUY,10,393.00,"3,930.00",FILLED,0,,BMS,CAS/92390-LI/0,10,10,DAY,,0,0,2026-01-12 06:25:14.0,92390LI0-woMMUFBPt,2026-01-12 11:55:14,E0PtZt7wYf9y,,O0PtZxxz7xRd,CSE
MELS.N0000,SELL,25,177.25,"4,431.25",NEW,25,,,CAS/92390-LI/0,0,0,DAY,,25,0,2026-01-12 06:21:47.0,92390LI0-woqn1b9sD,2026-01-12 11:51:47,E0PtZt7wYelC,,O0PtZxxz7x0a,CSE
MELS.N0000,SELL,25,177.25,"4,431.25",P.CHANGE,25,,,CAS/92390-LI/0,0,0,DAY,2026-01-12,25,0,2026-01-12 10:56:40.0,92390LI0-woqn1b9sD,2026-01-12 11:51:47,,,O0PtZxxz7x0a,CSE
HAYL.N0000,BUY,100,207.00,"20,700.00",FILLED,0,,CAS,CAS/92390-LI/0,100,100,DAY,,0,0,2026-01-12 06:09:06.0,92390LI0-woVi5m4rk,2026-01-12 11:39:06,E0PtZt7wYdF5,,O0PtZxxz7n6x,CSE
MELS.N0000,SELL,5,177.25,886.25,FILLED,0,,FWS,CAS/92390-LI/0,5,5,DAY,,0,0,2026-01-12 05:49:54.0,92390LI0-woOmDyaMy,2026-01-12 11:19:54,E0PtZt7wYbB4,,O0PtZxxz7wzL,CSE
MELS.N0000,SELL,5,177.00,885.00,FILLED,0,,FWS,CAS/92390-LI/0,5,5,DAY,,0,0,2026-01-12 05:49:39.0,92390LI0-woNtz0d6B,2026-01-12 11:19:39,E0PtZt7wYb9b,,O0PtZxxz7wjf,CSE
NTB.X0000,BUY,10,393.00,"3,930.00",NEW,10,,,CAS/92390-LI/0,0,0,DAY,,10,0,2026-01-12 05:35:02.0,92390LI0-woMMUFBPt,2026-01-12 11:05:02,E0PtZt7wYZRI,,O0PtZxxz7xRd,CSE
MELS.N0000,SELL,10,177.50,"1,775.00",NEW,10,,,CAS/92390-LI/0,0,0,DAY,,10,0,2026-01-12 05:26:40.0,92390LI0-wo3IX0HTD,2026-01-12 10:56:40,E0PtZt7wYYMY,,O0PtZxxz7x0a,CSE
MELS.N0000,SELL,5,177.25,886.25,NEW,5,,,CAS/92390-LI/0,0,0,DAY,,5,0,2026-01-12 05:26:16.0,92390LI0-woOmDyaMy,2026-01-12 10:56:16,E0PtZt7wYYK0,,O0PtZxxz7wzL,CSE
MELS.N0000,SELL,5,177.00,885.00,NEW,5,,,CAS/92390-LI/0,0,0,DAY,,5,0,2026-01-12 05:21:21.0,92390LI0-woNtz0d6B,2026-01-12 10:51:21,E0PtZt7wYXmF,,O0PtZxxz7wjf,CSE
HAYL.N0000,BUY,100,207.00,"20,700.00",NEW,100,,,CAS/92390-LI/0,0,0,DAY,,100,0,2026-01-12 03:30:27.0,92390LI0-woVi5m4rk,2026-01-12 09:30:57,0,,O0PtZxxz7n6x,CSE
HAYL.N0000,BUY,100,207.00,"20,700.00",NEW,100,,,CAS/92390-LI/0,0,0,DAY,,100,0,2026-01-12 03:30:27.0,92390LI0-woVi5m4rk,2026-01-12 09:00:27,E0PtZt7wYFbm,,O0PtZxxz7n6x,CSE
HAYL.N0000,BUY,100,207.00,"20,700.00",QUEUED,100,,,CAS/92390-LI/0,0,0,DAY,2026-01-12,100,0,2026-01-10 00:01:54.0,92390LI0-woVi5m4rk,2026-01-10 00:01:54,,,-,CSE
MELS.N0000,SELL,45,179.00,"8,055.00",EXPIRED,0,Expired (end of day),,CAS/92390-LI/0,0,0,DAY,,0,0,2026-01-09 09:18:58.0,92390LI0-woyuQp4ID,2026-01-09 14:50:12,E0PrOr04qRVm,,O0PrOvq7PFMj,CSE
HAYL.N0000,BUY,10,206.25,"2,062.50",EXPIRED,0,Expired (end of day),,CAS/92390-LI/0,0,0,DAY,,0,0,2026-01-09 09:18:58.0,92390LI0-woUTWmK7H,2026-01-09 14:49:18,E0PrOr04qQcb,,O0PrOvq7PURw,CSE
HAYL.N0000,BUY,10,206.25,"2,062.50",NEW,10,,,CAS/92390-LI/0,0,0,DAY,,10,0,2026-01-09 08:18:15.0,92390LI0-woUTWmK7H,2026-01-09 13:48:15,E0PrOr04qIH5,,O0PrOvq7PURw,CSE
MELS.N0000,SELL,45,179.00,"8,055.00",NEW,45,,,CAS/92390-LI/0,0,0,DAY,,45,0,2026-01-09 07:43:59.0,92390LI0-woyuQp4ID,2026-01-09 13:13:59,E0PrOr04qEMd,,O0PrOvq7PFMj,CSE
MELS.N0000,SELL,45,179.00,"8,055.00",P.CHANGE,45,,,CAS/92390-LI/0,0,0,DAY,2026-01-09,45,0,2026-01-09 09:37:34.0,92390LI0-woyuQp4ID,2026-01-09 13:13:59,,,O0PrOvq7PFMj,CSE
JAT.N0000,SELL,50,48.00,"2,400.00",FILLED,0,,SMS,CAS/92390-LI/0,50,50,DAY,,0,0,2026-01-09 05:21:57.0,92390LI0-woVmc3wko,2026-01-09 10:51:57,E0PrOr04pxWk,,O0PrOvq7PFui,CSE
CCS.N0000,SELL,40,113.75,"4,550.00",FILLED,0,,LSL,CAS/92390-LI/0,40,40,DAY,,0,0,2026-01-09 04:51:46.0,92390LI0-woRU21unC,2026-01-09 10:21:46,E0PrOr04psZR,,O0PrOvq7PF3x,CSE
MELS.N0000,SELL,45,179.75,"8,088.75",NEW,45,,,CAS/92390-LI/0,0,0,DAY,,45,0,2026-01-09 04:34:14.0,92390LI0-wor8aqDI6,2026-01-09 10:04:14,E0PrOr04ppoH,,O0PrOvq7PFMj,CSE
MELS.N0000,SELL,45,179.75,"8,088.75",P.CHANGE,45,,,CAS/92390-LI/0,0,0,DAY,2026-01-09,45,0,2026-01-09 09:37:34.0,92390LI0-wor8aqDI6,2026-01-09 10:04:14,,,O0PrOvq7PFMj,CSE
JAT.N0000,SELL,50,48.00,"2,400.00",NEW,50,,,CAS/92390-LI/0,0,0,DAY,,50,0,2026-01-09 04:11:35.0,92390LI0-woVmc3wko,2026-01-09 09:41:35,E0PrOr04pl3q,,O0PrOvq7PFui,CSE
TJL.N0000,SELL,72,39.70,"2,858.40",FILLED,0,,AMA,CAS/92390-LI/0,72,72,DAY,,0,0,2026-01-09 04:07:44.0,92390LI0-woZK5KZlR,2026-01-09 09:37:44,E0PrOr04pjyx,,O0PrOvq7PEuy,CSE
MELS.N0000,SELL,45,180.00,"8,100.00",NEW,45,,,CAS/92390-LI/0,0,0,DAY,,45,0,2026-01-09 04:07:34.0,92390LI0-woVeIr56E,2026-01-09 09:37:34,E0PrOr04pjvv,,O0PrOvq7PFMj,CSE
CCS.N0000,SELL,40,113.75,"4,550.00",NEW,40,,,CAS/92390-LI/0,0,0,DAY,,40,0,2026-01-09 04:05:25.0,92390LI0-woRU21unC,2026-01-09 09:35:25,E0PrOr04pjIr,,O0PrOvq7PF3x,CSE
TJL.N0000,SELL,72,39.70,"2,858.40",NEW,72,,,CAS/92390-LI/0,0,0,DAY,,72,0,2026-01-09 04:04:32.0,92390LI0-woZK5KZlR,2026-01-09 09:34:32,E0PrOr04pj1D,,O0PrOvq7PEuy,CSE
TJL.N0000,SELL,72,37.00,"2,664.00",EXPIRED,0,Expired (end of day),,CAS/92390-LI/0,0,0,DAY,,0,0,2026-01-08 09:18:37.0,92390LI0-woVKrBkgj,2026-01-08 14:50:07,E0Pqg3CETfdi,,O0Pqg82H2YHu,CSE
TJL.N0000,SELL,70,36.70,"2,569.00",FILLED,0,,DSA,CAS/92390-LI/0,70,70,DAY,,0,0,2026-01-08 08:55:47.0,92390LI0-woukLJAEm,2026-01-08 14:25:48,E0Pqg3CETbIn,,O0Pqg82H2YF1,CSE
MELS.N0000,SELL,5,178.25,891.25,FILLED,0,,HDF,CAS/92390-LI/0,5,5,DAY,,0,0,2026-01-08 08:36:10.0,92390LI0-wo997qIJe,2026-01-08 14:06:10,E0Pqg3CETYEE,,O0Pqg82H2ZPx,CSE
MELS.N0000,SELL,5,178.25,891.25,NEW,5,,,CAS/92390-LI/0,0,0,DAY,,5,0,2026-01-08 08:35:48.0,92390LI0-wo997qIJe,2026-01-08 14:05:48,E0Pqg3CETYBv,,O0Pqg82H2ZPx,CSE
TJL.N0000,SELL,72,37.00,"2,664.00",NEW,72,,,CAS/92390-LI/0,0,0,DAY,,72,0,2026-01-08 08:13:09.0,92390LI0-woVKrBkgj,2026-01-08 13:43:09,E0Pqg3CETVJq,,O0Pqg82H2YHu,CSE
TJL.N0000,SELL,70,36.70,"2,569.00",NEW,70,,,CAS/92390-LI/0,0,0,DAY,,70,0,2026-01-08 08:12:09.0,92390LI0-woukLJAEm,2026-01-08 13:42:09,E0Pqg3CETVDo,,O0Pqg82H2YF1,CSE
CCS.N0000,SELL,10,112.00,"1,120.00",FILLED,0,,NBS,CAS/92390-LI/0,10,10,DAY,,0,0,2026-01-08 04:00:00.0,92390LI0-woriNvFbQ,2026-01-08 09:30:03,E0Pqg3CESeXI,,O0Pqg82H29RN,CSE
CCS.N0000,SELL,10,112.00,"1,120.00",NEW,10,,,CAS/92390-LI/0,0,0,DAY,,10,0,2026-01-08 03:30:12.0,92390LI0-woriNvFbQ,2026-01-08 09:00:12,E0Pqg3CESadS,,O0Pqg82H29RN,CSE
CCS.N0000,SELL,10,112.00,"1,120.00",QUEUED,10,,,CAS/92390-LI/0,0,0,DAY,2026-01-07,10,0,2026-01-07 17:23:27.0,92390LI0-woriNvFbQ,2026-01-07 17:23:27,,,-,CSE
TJL.N0000,BUY,71,34.60,"2,456.60",FILLED,0,,CAS,CAS/92390-LI/0,71,71,DAY,,0,0,2026-01-06 04:18:03.0,92390LI0-woxZGQ9KI,2026-01-06 09:48:04,E0PpEHuSZFkI,,O0PpEMkV8lEr,CSE
SPEN.N0000,BUY,100,155.50,"15,550.00",EXPIRED,0,Expired (end of day),,CAS/92390-LI/0,0,0,DAY,,0,0,2026-01-02 09:18:25.0,92390LI0-wo8PaPv2H,2026-01-02 14:49:55,E0PmKIIfKpHQ,,O0PmKN8htySk,CSE
TJL.N0000,SELL,71,35.00,"2,485.00",EXPIRED,0,Expired (end of day),,CAS/92390-LI/0,0,0,DAY,,0,0,2026-01-02 09:18:25.0,92390LI0-wozMkoeTx,2026-01-02 14:49:55,E0PmKIIfKpPr,,O0PmKN8htyVn,CSE
JAT.N0000,SELL,50,48.00,"2,400.00",EXPIRED,0,Expired (end of day),,CAS/92390-LI/0,0,0,DAY,,0,0,2026-01-02 09:18:25.0,92390LI0-woMpzAvwd,2026-01-02 14:49:50,E0PmKIIfKnsV,,O0PmKN8htyUu,CSE
CCS.N0000,SELL,50,109.00,"5,450.00",EXPIRED,0,Expired (end of day),,CAS/92390-LI/0,0,0,DAY,,0,0,2026-01-02 09:18:25.0,92390LI0-woEq6j0Yn,2026-01-02 14:48:58,E0PmKIIfKmq3,,O0PmKN8htyj5,CSE
CCS.N0000,SELL,50,109.00,"5,450.00",NEW,50,,,CAS/92390-LI/0,0,0,DAY,,50,0,2026-01-02 08:44:49.0,92390LI0-woEq6j0Yn,2026-01-02 14:14:49,E0PmKIIfKjKa,,O0PmKN8htyj5,CSE
ACL.N0000,SELL,20,99.00,"1,980.00",FILLED,0,,CSC,CAS/92390-LI/0,20,20,DAY,,0,0,2026-01-02 08:42:21.0,92390LI0-woHQOw0Hl,2026-01-02 14:12:21,E0PmKIIfKj0t,,O0PmKN8hty87,CSE
TJL.N0000,SELL,71,35.00,"2,485.00",NEW,71,,,CAS/92390-LI/0,0,0,DAY,,71,0,2026-01-02 08:40:11.0,92390LI0-wozMkoeTx,2026-01-02 14:10:11,E0PmKIIfKimF,,O0PmKN8htyVn,CSE
JAT.N0000,SELL,50,48.00,"2,400.00",NEW,50,,,CAS/92390-LI/0,0,0,DAY,,50,0,2026-01-02 08:39:49.0,92390LI0-woMpzAvwd,2026-01-02 14:09:49,E0PmKIIfKijp,,O0PmKN8htyUu,CSE
SPEN.N0000,BUY,100,155.50,"15,550.00",NEW,100,,,CAS/92390-LI/0,0,0,DAY,,100,0,2026-01-02 08:38:56.0,92390LI0-wo8PaPv2H,2026-01-02 14:08:56,E0PmKIIfKiet,,O0PmKN8htySk,CSE
HASU.N0000,BUY,50,108.00,"5,400.00",CANCELED,0,Cancelled by Owner,,CAS/92390-LI/0,0,0,DAY,,0,0,2026-01-02 08:33:01.0,92390LI0-woduAqBlo,2026-01-02 14:03:01,E0PmKIIfKhyD,,O0PmKN8htwkd,CSE
HASU.N0000,BUY,0,0.00,0.00,P.CHANGE,0,,,CAS/92390-LI/0,0,0,,,0,0,2026-01-02 13:25:54.0,92390LI0-woduAqBlo,2026-01-02 14:03:00,,,O0PmKN8htwkd,CSE
ACL.N0000,SELL,20,99.00,"1,980.00",NEW,20,,,CAS/92390-LI/0,0,0,DAY,,20,0,2026-01-02 08:31:33.0,92390LI0-woHQOw0Hl,2026-01-02 14:01:33,E0PmKIIfKhmL,,O0PmKN8hty87,CSE
HNB.N0000,BUY,1,400.00,400.00,FILLED,0,,AMA,CAS/92390-LI/0,1,1,DAY,,0,0,2026-01-02 08:10:07.0,92390LI0-woTL5zA76,2026-01-02 13:40:07,E0PmKIIfKfiK,,O0PmKN8htxHN,CSE
NTB.N0000,BUY,1,314.00,314.00,FILLED,0,,LSE,CAS/92390-LI/0,1,1,DAY,,0,0,2026-01-02 08:09:30.0,92390LI0-worJuAjle,2026-01-02 13:39:30,E0PmKIIfKfeX,,O0PmKN8htxG5,CSE
NTB.X0000,BUY,1,394.75,394.75,FILLED,0,,CAS,CAS/92390-LI/0,1,1,DAY,,0,0,2026-01-02 08:09:11.0,92390LI0-wocbOeqNB,2026-01-02 13:39:11,E0PmKIIfKfd3,,O0PmKN8htxFS,CSE
HASU.N0000,BUY,50,108.00,"5,400.00",NEW,50,,,CAS/92390-LI/0,0,0,DAY,,50,0,2026-01-02 07:55:54.0,92390LI0-woTNAV7Vu,2026-01-02 13:25:54,E0PmKIIfKeUR,,O0PmKN8htwkd,CSE
ACL.N0000,SELL,35,97.90,"3,426.50",FILLED,0,,BMS,CAS/92390-LI/0,17,35,DAY,,0,0,2026-01-02 07:46:06.0,92390LI0-wo7N0K4ow,2026-01-02 13:16:07,E0PmKIIfKdcb,,O0PmKN8htwM7,CSE
ACL.N0000,SELL,35,97.90,"3,426.50",P.FILLED,17,,CSC,CAS/92390-LI/0,18,18,DAY,,17,0,2026-01-02 07:45:24.0,92390LI0-wo7N0K4ow,2026-01-02 13:15:24,E0PmKIIfKdYp,,O0PmKN8htwM7,CSE
ACL.N0000,SELL,45,98.00,"4,410.00",EXPIRED,0,Expired (unfilled minimum quantity),,CAS/92390-LI/0,0,0,DAY,,0,0,2026-01-02 07:40:38.0,92390LI0-woVLV4dTO,2026-01-02 13:10:38,E0PmKIIfKdCt,,O0PmKN8htwBx,CSE
CCS.N0000,SELL,50,107.00,"5,350.00",EXPIRED,0,Expired (end of day),,CAS/92390-LI/0,0,0,DAY,,0,0,2025-12-24 09:18:18.0,92390LI0-woZkiwtVj,2025-12-24 14:48:29,E0PfnexJcqQU,,O0PfnjnMC7Gl,CSE
CCS.N0000,SELL,50,107.00,"5,350.00",NEW,50,,,CAS/92390-LI/0,0,0,DAY,,50,0,2025-12-24 05:36:39.0,92390LI0-woZkiwtVj,2025-12-24 11:06:39,E0PfnexJccs3,,O0PfnjnMC7Gl,CSE
SPEN.N0000,BUY,200,145.50,"29,100.00",EXPIRED,0,Expired (end of day),,CAS/92390-LI/0,0,0,DAY,,0,0,2025-12-22 09:18:23.0,92390LI0-woPLIRUAg,2025-12-22 14:49:13,E0PeLaJNQjKO,,O0PeLf9Pzqhe,CSE
SPEN.N0000,BUY,200,145.50,"29,100.00",NEW,200,,,CAS/92390-LI/0,0,0,DAY,,100,0,2025-12-22 03:30:44.0,92390LI0-woPLIRUAg,2025-12-22 09:00:45,E0PeLaJNQI5u,,O0PeLf9Pzqhe,CSE
SPEN.N0000,BUY,200,145.50,"29,100.00",QUEUED,200,,,CAS/92390-LI/0,0,0,DAY,2025-12-19,100,0,2025-12-19 15:02:39.0,92390LI0-woPLIRUAg,2025-12-19 15:02:39,,,-,CSE
NTB.N0000,BUY,17,293.50,"4,989.50",EXPIRED,0,Expired (end of day),,CAS/92390-LI/0,0,0,DAY,,0,0,2025-12-17 09:18:16.0,92390LI0-woBhbE8lC,2025-12-17 14:49:19,E0PaiwZoy1sQ,,O0Paj1PrXAct,CSE
RAL.N0000,BUY,"1,000",10.50,"10,500.00",CANCELED,0,Cancelled by Owner,,CAS/92390-LI/0,0,0,DAY,,0,0,2025-12-17 04:12:14.0,92390LI0-wofPo7YWV,2025-12-17 09:42:14,E0PaiwZoxfv2,,O0Paj1PrXCIs,CSE
RAL.N0000,BUY,0,0.00,0.00,P.CHANGE,0,,,CAS/92390-LI/0,0,0,,,0,0,2025-12-17 09:37:48.0,92390LI0-wofPo7YWV,2025-12-17 09:42:14,,,O0Paj1PrXCIs,CSE
RAL.N0000,BUY,"1,000",10.50,"10,500.00",NEW,"1,000",,,CAS/92390-LI/0,0,0,DAY,,"1,000",0,2025-12-17 04:07:49.0,92390LI0-woajKligA,2025-12-17 09:37:49,E0PaiwZoxfMD,,O0Paj1PrXCIs,CSE
NTB.N0000,BUY,17,293.50,"4,989.50",NEW,17,,,CAS/92390-LI/0,0,0,DAY,,17,0,2025-12-17 03:30:29.0,92390LI0-woBhbE8lC,2025-12-17 09:00:29,E0PaiwZoxce7,,O0Paj1PrXAct,CSE
TKYO.X0000,BUY,100,85.20,"8,520.00",EXPIRED,0,Expired (end of day),,CAS/92390-LI/0,0,0,DAY,,0,0,2025-12-16 09:18:22.0,92390LI0-woexgEomh,2025-12-16 14:50:39,E0PZzz5tRjVS,,O0Pa03vw0wNj,CSE
TKYO.N0000,BUY,100,105.25,"10,525.00",EXPIRED,0,Expired (end of day),,CAS/92390-LI/0,0,0,DAY,,0,0,2025-12-16 09:18:22.0,92390LI0-wokvUEIwQ,2025-12-16 14:50:39,E0PZzz5tRjUD,,O0Pa03vw0wOl,CSE
JKH.N0000,BUY,"1,000",20.60,"20,600.00",EXPIRED,0,Expired (end of day),,CAS/92390-LI/0,0,0,DAY,,0,0,2025-12-16 09:18:22.0,92390LI0-woc99jOg1,2025-12-16 14:50:17,E0PZzz5tRiKG,,O0Pa03vw0sys,CSE
NTB.N0000,BUY,17,293.50,"4,989.50",QUEUED,17,,,CAS/92390-LI/0,0,0,DAY,2025-12-16,17,0,2025-12-16 14:31:19.0,92390LI0-woBhbE8lC,2025-12-16 14:31:19,,,-,CSE
JKH.N0000,BUY,"1,000",20.60,"20,600.00",NEW,"1,000",,,CAS/92390-LI/0,0,0,DAY,,500,0,2025-12-16 07:21:24.0,92390LI0-woc99jOg1,2025-12-16 12:51:24,E0PZzz5tRZU8,,O0Pa03vw0sys,CSE
JKH.N0000,BUY,"1,000",20.60,"20,600.00",P.CHANGE,"1,000",,,CAS/92390-LI/0,0,0,DAY,2025-12-16,500,0,2025-12-16 10:58:07.0,92390LI0-woc99jOg1,2025-12-16 12:51:24,,,O0Pa03vw0sys,CSE
TKYO.N0000,BUY,100,105.25,"10,525.00",NEW,100,,,CAS/92390-LI/0,0,0,DAY,,100,0,2025-12-16 07:20:06.0,92390LI0-wokvUEIwQ,2025-12-16 12:50:06,E0PZzz5tRZOS,,O0Pa03vw0wOl,CSE
TKYO.X0000,BUY,100,85.20,"8,520.00",NEW,100,,,CAS/92390-LI/0,0,0,DAY,,100,0,2025-12-16 07:19:29.0,92390LI0-woexgEomh,2025-12-16 12:49:29,E0PZzz5tRZM1,,O0Pa03vw0wNj,CSE
TKYO.X0000,BUY,150,86.40,"12,960.00",FILLED,0,,CSC,CAS/92390-LI/0,69,150,DAY,,0,0,2025-12-16 05:39:45.0,92390LI0-wojXYY73d,2025-12-16 11:09:45,E0PZzz5tRSWw,,O0Pa03vw0srf,CSE
TKYO.N0000,BUY,150,106.25,"15,937.50",FILLED,0,,IFL,CAS/92390-LI/0,150,150,DAY,,0,0,2025-12-16 05:29:24.0,92390LI0-wot0b9TLv,2025-12-16 10:59:24,E0PZzz5tRRrS,,O0Pa03vw0snn,CSE
JKH.N0000,BUY,"1,000",20.50,"20,500.00",NEW,"1,000",,,CAS/92390-LI/0,0,0,DAY,,500,0,2025-12-16 05:28:30.0,92390LI0-wogYb8imH,2025-12-16 10:58:30,E0PZzz5tRRlh,,O0Pa03vw0sys,CSE
JKH.N0000,BUY,"1,000",20.50,"20,500.00",P.CHANGE,"1,000",,,CAS/92390-LI/0,0,0,DAY,2025-12-16,500,0,2025-12-16 10:58:07.0,92390LI0-wogYb8imH,2025-12-16 10:58:30,,,O0Pa03vw0sys,CSE
JKH.N0000,BUY,"1,000",20.50,"20,500.00",NEW,"1,000",,,CAS/92390-LI/0,0,0,DAY,,"1,000",0,2025-12-16 05:28:08.0,92390LI0-woOEdtSao,2025-12-16 10:58:08,E0PZzz5tRRkS,,O0Pa03vw0sys,CSE
TKYO.X0000,BUY,150,86.40,"12,960.00",P.FILLED,149,,MSB,CAS/92390-LI/0,1,1,DAY,,149,0,2025-12-16 05:24:55.0,92390LI0-wojXYY73d,2025-12-16 10:54:56,E0PZzz5tRRWM,,O0Pa03vw0srf,CSE
TKYO.X0000,BUY,150,86.40,"12,960.00",P.FILLED,69,,CSC,CAS/92390-LI/0,80,81,DAY,,69,0,2025-12-16 05:24:55.0,92390LI0-wojXYY73d,2025-12-16 10:54:56,E0PZzz5tRRWO,,O0Pa03vw0srf,CSE
TKYO.N0000,BUY,150,106.25,"15,937.50",NEW,150,,,CAS/92390-LI/0,0,0,DAY,,150,0,2025-12-16 05:22:53.0,92390LI0-wot0b9TLv,2025-12-16 10:52:53,E0PZzz5tRROe,,O0Pa03vw0snn,CSE
TKYO.N0000,BUY,150,106.25,"15,937.50",EXPIRED,0,Expired (unfilled minimum quantity),,CAS/92390-LI/0,0,0,DAY,,0,0,2025-12-16 05:21:51.0,92390LI0-wodeSvB0W,2025-12-16 10:51:51,E0PZzz5tRRIR,,O0Pa03vw0slG,CSE
JKH.N0000,BUY,"1,000",20.80,"20,800.00",EXPIRED,0,Expired (end of day),,CAS/92390-LI/0,0,0,DAY,,0,0,2025-12-15 09:18:35.0,92390LI0-woTL0aCvw,2025-12-15 14:49:15,E0PZH1bxvGOo,,O0PZH6S0USC9,CSE
LIOC.N0000,BUY,200,125.50,"25,100.00",EXPIRED,0,Expired (end of day),,CAS/92390-LI/0,0,0,DAY,,0,0,2025-12-15 09:18:35.0,92390LI0-woavIEnOh,2025-12-15 14:49:15,E0PZH1bxvGa9,,O0PZH6S0UVwH,CSE
TKYO.X0000,BUY,325,85.00,"27,625.00",EXPIRED,0,Expired (unfilled minimum quantity),,CAS/92390-LI/0,0,0,DAY,,0,0,2025-12-15 08:01:11.0,92390LI0-woSYXrbpf,2025-12-15 13:31:11,E0PZH1bxvA3s,,O0PZH6S0UWN6,CSE
TKYO.X0000,BUY,98,85.20,"8,349.60",FILLED,0,,MSB,CAS/92390-LI/0,98,98,DAY,,0,0,2025-12-15 07:58:38.0,92390LI0-wotZ4kWC7,2025-12-15 13:28:38,E0PZH1bxv9uE,,O0PZH6S0UUKN,CSE
ACL.N0000,BUY,100,248.00,"24,800.00",CANCELED,0,Cancelled by Owner,,CAS/92390-LI/0,0,0,DAY,,0,0,2025-12-15 07:57:08.0,92390LI0-woLPgTt3w,2025-12-15 13:27:08,E0PZH1bxv9ne,,O0PZH6S0USKX,CSE
ACL.N0000,BUY,0,0.00,0.00,P.CHANGE,0,,,CAS/92390-LI/0,0,0,,,0,0,2025-12-15 11:11:34.0,92390LI0-woLPgTt3w,2025-12-15 13:27:08,,,O0PZH6S0USKX,CSE
SAMP.N0000,BUY,150,140.50,"21,075.00",FILLED,0,,BMS,CAS/92390-LI/0,20,150,DAY,,0,0,2025-12-15 07:53:34.0,92390LI0-woyy6rfi6,2025-12-15 13:23:34,E0PZH1bxv9Y0,,O0PZH6S0UVzg,CSE
SAMP.N0000,BUY,150,140.50,"21,075.00",P.FILLED,20,,ARR,CAS/92390-LI/0,130,130,DAY,,20,0,2025-12-15 07:52:54.0,92390LI0-woyy6rfi6,2025-12-15 13:22:54,E0PZH1bxv9Ve,,O0PZH6S0UVzg,CSE
SAMP.N0000,BUY,150,140.50,"21,075.00",NEW,150,,,CAS/92390-LI/0,0,0,DAY,,150,0,2025-12-15 07:47:58.0,92390LI0-woyy6rfi6,2025-12-15 13:17:58,E0PZH1bxv96c,,O0PZH6S0UVzg,CSE
JKH.N0000,BUY,"1,000",20.80,"20,800.00",NEW,"1,000",,,CAS/92390-LI/0,0,0,DAY,,"1,000",0,2025-12-15 07:46:46.0,92390LI0-woTL0aCvw,2025-12-15 13:16:46,E0PZH1bxv92V,,O0PZH6S0USC9,CSE
JKH.N0000,BUY,"1,000",20.80,"20,800.00",P.CHANGE,"1,000",,,CAS/92390-LI/0,0,0,DAY,2025-12-15,"1,000",0,2025-12-15 11:07:05.0,92390LI0-woTL0aCvw,2025-12-15 13:16:46,,,O0PZH6S0USC9,CSE
LIOC.N0000,BUY,200,125.50,"25,100.00",NEW,200,,,CAS/92390-LI/0,0,0,DAY,,200,0,2025-12-15 07:45:59.0,92390LI0-woavIEnOh,2025-12-15 13:15:59,E0PZH1bxv8wX,,O0PZH6S0UVwH,CSE
LIOC.N0000,BUY,100,126.00,"12,600.00",FILLED,0,,FWS,CAS/92390-LI/0,100,100,DAY,,0,0,2025-12-15 07:40:10.0,92390LI0-woJJRHzEa,2025-12-15 13:10:10,E0PZH1bxv8Vp,,O0PZH6S0USIk,CSE
TKYO.X0000,BUY,98,85.20,"8,349.60",NEW,98,,,CAS/92390-LI/0,0,0,DAY,,98,0,2025-12-15 06:44:23.0,92390LI0-wotZ4kWC7,2025-12-15 12:14:23,E0PZH1bxv4wz,,O0PZH6S0UUKN,CSE
TKYO.X0000,BUY,100,85.30,"8,530.00",FILLED,0,,CAS,CAS/92390-LI/0,100,100,DAY,,0,0,2025-12-15 05:57:58.0,92390LI0-wo3hskua7,2025-12-15 11:27:58,E0PZH1bxv1L7,,O0PZH6S0US5k,CSE
ACL.N0000,BUY,100,248.00,"24,800.00",NEW,100,,,CAS/92390-LI/0,0,0,DAY,,100,0,2025-12-15 05:41:34.0,92390LI0-woSRMZTuD,2025-12-15 11:11:34,E0PZH1bxv051,,O0PZH6S0USKX,CSE
LIOC.N0000,BUY,100,126.00,"12,600.00",NEW,100,,,CAS/92390-LI/0,0,0,DAY,,100,0,2025-12-15 05:40:39.0,92390LI0-woJJRHzEa,2025-12-15 11:10:39,E0PZH1bxv01l,,O0PZH6S0USIk,CSE
JKH.N0000,BUY,"1,000",20.60,"20,600.00",NEW,"1,000",,,CAS/92390-LI/0,0,0,DAY,,"1,000",0,2025-12-15 05:37:05.0,92390LI0-wo6l2rhuo,2025-12-15 11:07:05,E0PZH1bxuzmf,,O0PZH6S0USC9,CSE
TKYO.X0000,BUY,100,85.30,"8,530.00",NEW,100,,,CAS/92390-LI/0,0,0,DAY,,100,0,2025-12-15 05:33:36.0,92390LI0-wo3hskua7,2025-12-15 11:03:36,E0PZH1bxuzXJ,,O0PZH6S0US5k,CSE
NTB.N0000,BUY,100,300.50,"30,050.00",EXPIRED,0,Expired (end of day),,CAS/92390-LI/0,0,0,DAY,,0,0,2025-12-12 09:18:23.0,92390LI0-woGBjmlGX,2025-12-12 14:48:49,E0PX6IqGVO78,,O0PX6NgJ4dwb,CSE
SAMP.N0000,BUY,100,140.75,"14,075.00",EXPIRED,0,Expired (end of day),,CAS/92390-LI/0,0,0,DAY,,0,0,2025-12-12 09:18:23.0,92390LI0-wov7Q8Ics,2025-12-12 14:48:49,E0PX6IqGVORk,,O0PX6NgJ4djd,CSE
LIOC.N0000,BUY,100,128.00,"12,800.00",EXPIRED,0,Expired (end of day),,CAS/92390-LI/0,0,0,DAY,,0,0,2025-12-12 09:18:23.0,92390LI0-woIwJgFkG,2025-12-12 14:48:48,E0PX6IqGVNpZ,,O0PX6NgJ4dh6,CSE
JKH.N0000,BUY,500,21.00,"10,500.00",EXPIRED,0,Expired (end of day),,CAS/92390-LI/0,0,0,DAY,,0,0,2025-12-12 09:18:23.0,92390LI0-woWPm74Od,2025-12-12 14:48:47,E0PX6IqGVNbT,,O0PX6NgJ4dfz,CSE
SPEN.N0000,BUY,200,147.25,"29,450.00",FILLED,0,,JBS,CAS/92390-LI/0,200,200,DAY,,0,0,2025-12-12 08:43:32.0,92390LI0-womDlAC2E,2025-12-12 14:13:32,E0PX6IqGVJtq,,O0PX6NgJ4e4H,CSE
COMB.N0000,BUY,100,200.75,"20,075.00",FILLED,0,,ASI,CAS/92390-LI/0,100,100,DAY,,0,0,2025-12-12 08:43:19.0,92390LI0-wofW8FTv8,2025-12-12 14:13:19,E0PX6IqGVJqL,,O0PX6NgJ4ddC,CSE
LLUB.N0000,BUY,100,179.75,"17,975.00",FILLED,0,,FWS,CAS/92390-LI/0,100,100,DAY,,0,0,2025-12-12 08:39:05.0,92390LI0-wol7hlsZ6,2025-12-12 14:09:05,E0PX6IqGVJUI,,O0PX6NgJ4e1n,CSE
TKYO.N0000,BUY,250,108.75,"27,187.50",FILLED,0,,MSB,CAS/92390-LI/0,250,250,DAY,,0,0,2025-12-12 08:38:38.0,92390LI0-woz8sftJa,2025-12-12 14:08:38,E0PX6IqGVJR7,,O0PX6NgJ4dle,CSE
TKYO.X0000,BUY,200,87.20,"17,440.00",FILLED,0,,BMS,CAS/92390-LI/0,200,200,DAY,,0,0,2025-12-12 08:03:38.0,92390LI0-wosiHF5DC,2025-12-12 13:33:38,E0PX6IqGVH4m,,O0PX6NgJ4e0D,CSE
SPEN.N0000,BUY,200,147.25,"29,450.00",NEW,200,,,CAS/92390-LI/0,0,0,DAY,,200,0,2025-12-12 07:39:08.0,92390LI0-womDlAC2E,2025-12-12 13:09:08,E0PX6IqGVFha,,O0PX6NgJ4e4H,CSE
LLUB.N0000,BUY,100,179.75,"17,975.00",NEW,100,,,CAS/92390-LI/0,0,0,DAY,,100,0,2025-12-12 07:37:32.0,92390LI0-wol7hlsZ6,2025-12-12 13:07:32,E0PX6IqGVFbv,,O0PX6NgJ4e1n,CSE
TKYO.X0000,BUY,200,87.20,"17,440.00",NEW,200,,,CAS/92390-LI/0,0,0,DAY,,200,0,2025-12-12 07:36:36.0,92390LI0-wosiHF5DC,2025-12-12 13:06:36,E0PX6IqGVFYk,,O0PX6NgJ4e0D,CSE
NTB.N0000,BUY,100,300.50,"30,050.00",NEW,100,,,CAS/92390-LI/0,0,0,DAY,,100,0,2025-12-12 07:34:26.0,92390LI0-woGBjmlGX,2025-12-12 13:04:26,E0PX6IqGVFRE,,O0PX6NgJ4dwb,CSE
TKYO.N0000,BUY,250,108.75,"27,187.50",NEW,250,,,CAS/92390-LI/0,0,0,DAY,,250,0,2025-12-12 07:27:27.0,92390LI0-woz8sftJa,2025-12-12 12:57:27,E0PX6IqGVF1v,,O0PX6NgJ4dle,CSE
SAMP.N0000,BUY,100,140.75,"14,075.00",NEW,100,,,CAS/92390-LI/0,0,0,DAY,,100,0,2025-12-12 07:26:13.0,92390LI0-wov7Q8Ics,2025-12-12 12:56:13,E0PX6IqGVExZ,,O0PX6NgJ4djd,CSE
LIOC.N0000,BUY,100,128.00,"12,800.00",NEW,100,,,CAS/92390-LI/0,0,0,DAY,,100,0,2025-12-12 07:24:45.0,92390LI0-woIwJgFkG,2025-12-12 12:54:45,E0PX6IqGVErm,,O0PX6NgJ4dh6,CSE
JKH.N0000,BUY,500,21.00,"10,500.00",NEW,500,,,CAS/92390-LI/0,0,0,DAY,,500,0,2025-12-12 07:24:09.0,92390LI0-woWPm74Od,2025-12-12 12:54:09,E0PX6IqGVEpi,,O0PX6NgJ4dfz,CSE
COMB.N0000,BUY,100,200.75,"20,075.00",NEW,100,,,CAS/92390-LI/0,0,0,DAY,,100,0,2025-12-12 07:22:27.0,92390LI0-wofW8FTv8,2025-12-12 12:52:27,E0PX6IqGVEil,,O0PX6NgJ4ddC,CSE
SAMP.N0000,BUY,100,141.00,"14,100.00",EXPIRED,0,Expired (end of day),,CAS/92390-LI/0,0,0,DAY,,0,0,2025-12-11 09:24:13.0,92390LI0-woF05TyuM,2025-12-11 14:55:28,E0PWNBgFpkcp,,O0PWNGWIOxeQ,CSE
SAMP.N0000,BUY,200,140.00,"28,000.00",EXPIRED,0,Expired (end of day),,CAS/92390-LI/0,0,0,DAY,,0,0,2025-12-11 09:24:13.0,92390LI0-woY5IXzX1,2025-12-11 14:55:28,E0PWNBgFpke6,,O0PWNGWIOxYT,CSE
SAMP.N0000,BUY,100,140.75,"14,075.00",EXPIRED,0,Expired (end of day),,CAS/92390-LI/0,0,0,DAY,,0,0,2025-12-11 09:24:13.0,92390LI0-woxWoxUhQ,2025-12-11 14:55:28,E0PWNBgFpkcw,,O0PWNGWIOxd2,CSE
SAMP.N0000,BUY,100,141.00,"14,100.00",NEW,100,,,CAS/92390-LI/0,0,0,DAY,,100,0,2025-12-11 08:56:54.0,92390LI0-woF05TyuM,2025-12-11 14:26:54,E0PWNBgFphaZ,,O0PWNGWIOxeQ,CSE
SAMP.N0000,BUY,100,140.75,"14,075.00",NEW,100,,,CAS/92390-LI/0,0,0,DAY,,100,0,2025-12-11 08:56:22.0,92390LI0-woxWoxUhQ,2025-12-11 14:26:22,E0PWNBgFphWa,,O0PWNGWIOxd2,CSE
SAMP.N0000,BUY,100,141.75,"14,175.00",CANCELED,0,Cancelled by Owner,,CAS/92390-LI/0,0,0,DAY,,0,0,2025-12-11 08:55:53.0,92390LI0-woMwuS8Zq,2025-12-11 14:25:53,E0PWNBgFphTB,,O0PWNGWIOxax,CSE
SAMP.N0000,BUY,0,0.00,0.00,P.CHANGE,0,,,CAS/92390-LI/0,0,0,,,0,0,2025-12-11 14:25:39.0,92390LI0-woMwuS8Zq,2025-12-11 14:25:53,,,O0PWNGWIOxax,CSE
SAMP.N0000,BUY,100,141.75,"14,175.00",NEW,100,,,CAS/92390-LI/0,0,0,DAY,,100,0,2025-12-11 08:55:39.0,92390LI0-wokFCQzB1,2025-12-11 14:25:39,E0PWNBgFphRm,,O0PWNGWIOxax,CSE
SAMP.N0000,BUY,200,140.00,"28,000.00",NEW,200,,,CAS/92390-LI/0,0,0,DAY,,200,0,2025-12-11 08:54:41.0,92390LI0-woY5IXzX1,2025-12-11 14:24:41,E0PWNBgFphL4,,O0PWNGWIOxYT,CSE
TKYO.X0000,BUY,99,85.80,"8,494.20",EXPIRED,0,Expired (end of day),,CAS/92390-LI/0,0,0,DAY,,0,0,2025-12-10 09:18:26.0,92390LI0-wo0zWDNhh,2025-12-10 14:49:49,E0PVeNsPSoiL,,O0PVeSiS1xvC,CSE
NTB.N0000,BUY,100,301.75,"30,175.00",EXPIRED,0,Expired (end of day),,CAS/92390-LI/0,0,0,DAY,,0,0,2025-12-10 09:18:26.0,92390LI0-woQEFCTzm,2025-12-10 14:49:41,E0PVeNsPSnsP,,O0PVeSiS1xkD,CSE
LLUB.N0000,BUY,100,179.75,"17,975.00",EXPIRED,0,Expired (end of day),,CAS/92390-LI/0,0,0,DAY,,0,0,2025-12-10 09:18:26.0,92390LI0-woFKuvocR,2025-12-10 14:49:38,E0PVeNsPSnaS,,O0PVeSiS1y90,CSE
LLUB.N0000,BUY,100,179.75,"17,975.00",NEW,100,,,CAS/92390-LI/0,0,0,DAY,,100,0,2025-12-10 08:59:29.0,92390LI0-woFKuvocR,2025-12-10 14:29:29,E0PVeNsPSlV0,,O0PVeSiS1y90,CSE
TKYO.X0000,BUY,99,85.80,"8,494.20",NEW,99,,,CAS/92390-LI/0,0,0,DAY,,99,0,2025-12-10 08:55:41.0,92390LI0-wo0zWDNhh,2025-12-10 14:25:41,E0PVeNsPSknI,,O0PVeSiS1xvC,CSE
TKYO.N0000,BUY,100,108.75,"10,875.00",FILLED,0,,STS,CAS/92390-LI/0,100,100,DAY,,0,0,2025-12-10 08:54:56.0,92390LI0-woBE0ZqHJ,2025-12-10 14:24:56,E0PVeNsPSkfm,,O0PVeSiS1xqv,CSE
TKYO.N0000,BUY,100,108.75,"10,875.00",NEW,100,,,CAS/92390-LI/0,0,0,DAY,,100,0,2025-12-10 08:54:25.0,92390LI0-woBE0ZqHJ,2025-12-10 14:24:25,E0PVeNsPSkbz,,O0PVeSiS1xqv,CSE
NTB.N0000,BUY,100,301.75,"30,175.00",NEW,100,,,CAS/92390-LI/0,0,0,DAY,,100,0,2025-12-10 08:52:18.0,92390LI0-woQEFCTzm,2025-12-10 14:22:18,E0PVeNsPSkLD,,O0PVeSiS1xkD,CSE
JKH.N0000,BUY,400,20.90,"8,360.00",FILLED,0,,JKB,CAS/92390-LI/0,400,400,DAY,,0,0,2025-12-10 08:49:37.0,92390LI0-woF3kWzZM,2025-12-10 14:19:38,E0PVeNsPSjzc,,O0PVeSiS1x3H,CSE
JKH.N0000,BUY,400,20.90,"8,360.00",NEW,400,,,CAS/92390-LI/0,0,0,DAY,,400,0,2025-12-10 08:37:24.0,92390LI0-woF3kWzZM,2025-12-10 14:07:24,E0PVeNsPSiVq,,O0PVeSiS1x3H,CSE
JKH.N0000,BUY,"1,000",20.80,"20,800.00",FILLED,0,,JKB,CAS/92390-LI/0,"1,000","1,000",DAY,,0,0,2025-12-08 07:05:24.0,92390LI0-wo8Q2YZXL,2025-12-08 12:35:24,E0PUCSuYPcc4,,O0PUCXkaz0gO,CSE
ACL.N0000,SELL,16,243.75,"3,900.00",FILLED,0,,CTS,CAS/92390-LI/0,11,16,DAY,,0,0,2025-12-08 06:43:50.0,92390LI0-woKwpDIlD,2025-12-08 12:13:50,E0PUCSuYPawD,,O0PUCXkaz1PL,CSE
ACL.N0000,SELL,16,243.75,"3,900.00",P.FILLED,11,,BMS,CAS/92390-LI/0,5,5,DAY,,11,0,2025-12-08 06:43:50.0,92390LI0-woKwpDIlD,2025-12-08 12:13:50,E0PUCSuYPawB,,O0PUCXkaz1PL,CSE
SAMP.N0000,BUY,200,139.25,"27,850.00",FILLED,0,,DSA,CAS/92390-LI/0,200,200,DAY,,0,0,2025-12-08 06:22:50.0,92390LI0-wo3PnTUTA,2025-12-08 11:52:50,E0PUCSuYPZiR,,O0PUCXkaz0fb,CSE
JKH.N0000,BUY,"1,000",20.80,"20,800.00",NEW,"1,000",,,CAS/92390-LI/0,0,0,DAY,,"1,000",0,2025-12-08 06:18:29.0,92390LI0-wo8Q2YZXL,2025-12-08 11:48:29,E0PUCSuYPZPG,,O0PUCXkaz0gO,CSE
SAMP.N0000,BUY,200,139.25,"27,850.00",NEW,200,,,CAS/92390-LI/0,0,0,DAY,,200,0,2025-12-08 06:18:03.0,92390LI0-wo3PnTUTA,2025-12-08 11:48:03,E0PUCSuYPZNn,,O0PUCXkaz0fb,CSE
COMB.N0000,BUY,150,195.00,"29,250.00",FILLED,0,,ARR,CAS/92390-LI/0,150,150,DAY,,0,0,2025-12-08 06:17:41.0,92390LI0-woHVvjNyX,2025-12-08 11:47:41,E0PUCSuYPZMU,,O0PUCXkaz0f0,CSE
JAT.N0000,SELL,50,47.70,"2,385.00",FILLED,0,,DSA,CAS/92390-LI/0,50,50,DAY,,0,0,2025-12-08 06:13:37.0,92390LI0-woSlo8qy7,2025-12-08 11:43:37,E0PUCSuYPZ5S,,O0PUCXkaz0WU,CSE
TJL.N0000,SELL,50,36.30,"1,815.00",FILLED,0,,BMS,CAS/92390-LI/0,30,50,DAY,,0,0,2025-12-08 06:13:00.0,92390LI0-wo4dqDJ5b,2025-12-08 11:43:00,E0PUCSuYPZ3G,,O0PUCXkaz0VI,CSE
TJL.N0000,SELL,50,36.30,"1,815.00",P.FILLED,30,,BMS,CAS/92390-LI/0,20,20,DAY,,30,0,2025-12-08 06:13:00.0,92390LI0-wo4dqDJ5b,2025-12-08 11:43:00,E0PUCSuYPZ3E,,O0PUCXkaz0VI,CSE
UCAR.N0000,SELL,24,"1,213.25","29,118.00",FILLED,0,,CTS,CAS/92390-LI/0,19,24,DAY,,0,0,2025-12-08 06:12:43.0,92390LI0-woCBEB4Tl,2025-12-08 11:42:43,E0PUCSuYPZ1j,,O0PUCXkaz0Ta,CSE
UCAR.N0000,SELL,24,"1,213.25","29,118.00",P.FILLED,19,,JBS,CAS/92390-LI/0,1,5,DAY,,19,0,2025-12-08 06:12:11.0,92390LI0-woCBEB4Tl,2025-12-08 11:42:11,E0PUCSuYPYyY,,O0PUCXkaz0Ta,CSE
UCAR.N0000,SELL,24,"1,213.25","29,118.00",P.FILLED,20,,JBS,CAS/92390-LI/0,4,4,DAY,,20,0,2025-12-08 06:12:11.0,92390LI0-woCBEB4Tl,2025-12-08 11:42:11,E0PUCSuYPYyW,,O0PUCXkaz0Ta,CSE
LIOC.N0000,BUY,200,129.50,"25,900.00",EXPIRED,0,Expired (end of day),,CAS/92390-LI/0,0,0,DAY,,0,0,2025-12-01 09:18:47.0,92390LI0-woHyZkQ1D,2025-12-01 14:50:21,E0PP7aqybyiu,,O0PP7fh1AzWJ,CSE
DIAL.N0000,BUY,500,27.80,"13,900.00",EXPIRED,0,Expired (end of day),,CAS/92390-LI/0,0,0,DAY,,0,0,2025-12-01 09:18:47.0,92390LI0-worqSYXCB,2025-12-01 14:50:12,E0PP7aqybxrP,,O0PP7fh1AzOC,CSE
JKH.N0000,BUY,950,21.80,"20,710.00",FILLED,0,,DSA,CAS/92390-LI/0,950,950,DAY,,0,0,2025-12-01 08:58:43.0,92390LI0-wouYyObiG,2025-12-01 14:28:43,E0PP7aqybwNp,,O0PP7fh1AzHU,CSE
SAMP.N0000,BUY,73,139.50,"10,183.50",NEW,73,,,CAS/92390-LI/0,0,0,DAY,,73,0,2025-12-01 08:54:34.0,92390LI0-woLqUwH12,2025-12-01 14:24:35,E0PP7aqybvcN,,O0PP7fh1Azdj,CSE
LIOC.N0000,BUY,200,129.50,"25,900.00",NEW,200,,,CAS/92390-LI/0,0,0,DAY,,200,0,2025-12-01 08:52:37.0,92390LI0-woHyZkQ1D,2025-12-01 14:22:37,E0PP7aqybvJD,,O0PP7fh1AzWJ,CSE
ACL.N0000,BUY,100,221.00,"22,100.00",EXPIRED,0,Expired (unfilled minimum quantity),,CAS/92390-LI/0,0,0,DAY,,0,0,2025-12-01 08:51:35.0,92390LI0-wobLwm73P,2025-12-01 14:21:35,E0PP7aqybvA1,,O0PP7fh1AzSU,CSE
DIAL.N0000,BUY,500,27.80,"13,900.00",NEW,500,,,CAS/92390-LI/0,0,0,DAY,,500,0,2025-12-01 08:50:16.0,92390LI0-worqSYXCB,2025-12-01 14:20:16,E0PP7aqybuza,,O0PP7fh1AzOC,CSE
COMB.N0000,BUY,100,200.00,"20,000.00",FILLED,0,,FWS,CAS/92390-LI/0,100,100,DAY,,0,0,2025-12-01 08:48:50.0,92390LI0-woBZLBrZW,2025-12-01 14:18:50,E0PP7aqybumd,,O0PP7fh1Az19,CSE
COMB.N0000,BUY,100,200.25,"20,025.00",FILLED,0,,HDF,CAS/92390-LI/0,100,100,DAY,,0,0,2025-12-01 08:48:26.0,92390LI0-woHz37jJB,2025-12-01 14:18:26,E0PP7aqybuj5,,O0PP7fh1Az8C,CSE
JKH.N0000,BUY,950,21.80,"20,710.00",NEW,950,,,CAS/92390-LI/0,0,0,DAY,,950,0,2025-12-01 08:48:19.0,92390LI0-wouYyObiG,2025-12-01 14:18:19,E0PP7aqybui5,,O0PP7fh1AzHU,CSE
SAMP.N0000,BUY,100,140.00,"14,000.00",FILLED,0,,JBS,CAS/92390-LI/0,100,100,DAY,,0,0,2025-12-01 08:46:11.0,92390LI0-wo2EXAGWa,2025-12-01 14:16:11,E0PP7aqybuQI,,O0PP7fh1Az9U,CSE
COMB.N0000,BUY,100,200.25,"20,025.00",NEW,100,,,CAS/92390-LI/0,0,0,DAY,,100,0,2025-12-01 08:45:46.0,92390LI0-woHz37jJB,2025-12-01 14:15:46,E0PP7aqybuN6,,O0PP7fh1Az8C,CSE
COMB.N0000,BUY,100,200.00,"20,000.00",NEW,100,,,CAS/92390-LI/0,0,0,DAY,,100,0,2025-12-01 08:43:46.0,92390LI0-woBZLBrZW,2025-12-01 14:13:46,E0PP7aqybu70,,O0PP7fh1Az19,CSE
SAMP.N0000,BUY,100,140.25,"14,025.00",FILLED,0,,AMA,CAS/92390-LI/0,100,100,DAY,,0,0,2025-12-01 08:43:25.0,92390LI0-woE1g4rmd,2025-12-01 14:13:25,E0PP7aqybu3B,,O0PP7fh1AyzO,CSE
SAMP.N0000,BUY,100,140.25,"14,025.00",NEW,100,,,CAS/92390-LI/0,0,0,DAY,,100,0,2025-12-01 08:43:20.0,92390LI0-woE1g4rmd,2025-12-01 14:13:20,E0PP7aqybu2G,,O0PP7fh1AyzO,CSE
SAMP.N0000,BUY,100,147.00,"14,700.00",EXPIRED,0,Expired (end of day),,CAS/92390-LI/0,0,0,DAY,,0,0,2025-11-25 09:18:09.0,92390LI0-woFgQkSqS,2025-11-25 14:49:14,E0PKlpxPT5g5,,O0PKlunS2NB0,CSE
DIAL.N0000,BUY,100,29.60,"2,960.00",FILLED,0,,LSL,CAS/92390-LI/0,100,100,DAY,,0,0,2025-11-25 08:40:24.0,92390LI0-wovDBU49D,2025-11-25 14:10:24,E0PKlpxPT145,,O0PKlunS2MwU,CSE
SAMP.N0000,BUY,100,147.00,"14,700.00",NEW,100,,,CAS/92390-LI/0,0,0,DAY,,100,0,2025-11-25 08:39:10.0,92390LI0-woFgQkSqS,2025-11-25 14:09:10,E0PKlpxPT0vo,,O0PKlunS2NB0,CSE
UCAR.N0000,BUY,10,"1,350.00","13,500.00",CANCELED,0,Cancelled by Owner,,CAS/92390-LI/0,0,0,DAY,,0,0,2025-11-25 08:32:58.0,92390LI0-woSQyUd6L,2025-11-25 14:02:58,E0PKlpxPT0Qk,,O0PKlunS2BX9,CSE
UCAR.N0000,BUY,0,0.00,0.00,P.CHANGE,0,,,CAS/92390-LI/0,0,0,,,0,0,2025-11-24 15:16:59.0,92390LI0-woSQyUd6L,2025-11-25 14:02:58,,,O0PKlunS2BX9,CSE
DIAL.N0000,BUY,100,29.60,"2,960.00",NEW,100,,,CAS/92390-LI/0,0,0,DAY,,100,0,2025-11-25 08:32:22.0,92390LI0-wovDBU49D,2025-11-25 14:02:22,E0PKlpxPT0Ol,,O0PKlunS2MwU,CSE
SAMP.N0000,BUY,50,147.25,"7,362.50",FILLED,0,,MSB,CAS/92390-LI/0,50,50,DAY,,0,0,2025-11-25 05:50:24.0,92390LI0-wo0aKfsrU,2025-11-25 11:20:25,E0PKlpxPSpbh,,O0PKlunS2BQn,CSE
UCAR.N0000,BUY,10,"1,350.00","13,500.00",NEW,10,,,CAS/92390-LI/0,0,0,DAY,,10,0,2025-11-25 05:37:53.0,92390LI0-wo9EFH4yS,2025-11-25 11:07:53,E0PKlpxPSog5,,O0PKlunS2BX9,CSE
UCAR.N0000,BUY,10,"1,350.00","13,500.00",P.CHANGE,10,,,CAS/92390-LI/0,0,0,DAY,2025-11-25,10,0,2025-11-24 15:16:59.0,92390LI0-wo9EFH4yS,2025-11-25 11:07:53,,,O0PKlunS2BX9,CSE
SAMP.N0000,BUY,50,147.25,"7,362.50",NEW,50,,,CAS/92390-LI/0,0,0,DAY,,50,0,2025-11-25 05:37:25.0,92390LI0-wo0aKfsrU,2025-11-25 11:07:25,E0PKlpxPSodx,,O0PKlunS2BQn,CSE
SAMP.N0000,BUY,50,147.25,"7,362.50",P.CHANGE,50,,,CAS/92390-LI/0,0,0,DAY,2025-11-25,50,0,2025-11-24 15:17:55.0,92390LI0-wo0aKfsrU,2025-11-25 11:07:25,,,O0PKlunS2BQn,CSE
JKH.N0000,BUY,500,22.40,"11,200.00",FILLED,0,,MSB,CAS/92390-LI/0,500,500,DAY,,0,0,2025-11-25 04:23:52.0,92390LI0-woMedT0dx,2025-11-25 09:53:52,E0PKlpxPShhl,,O0PKlunS2BFC,CSE
COMB.N0000,BUY,50,208.00,"10,400.00",FILLED,0,,JKB,CAS/92390-LI/0,50,50,DAY,,0,0,2025-11-25 04:00:00.0,92390LI0-wozfsV59p,2025-11-25 09:30:05,E0PKlpxPSeGu,,O0PKlunS2B5V,CSE
UCAR.N0000,BUY,10,"1,330.00","13,300.00",NEW,10,,,CAS/92390-LI/0,0,0,DAY,,10,0,2025-11-25 03:30:34.0,92390LI0-woTvdjXlq,2025-11-25 09:00:34,E0PKlpxPSd5I,,O0PKlunS2BX9,CSE
SAMP.N0000,BUY,50,146.00,"7,300.00",NEW,50,,,CAS/92390-LI/0,0,0,DAY,,50,0,2025-11-25 03:30:29.0,92390LI0-wo2B5QWTI,2025-11-25 09:00:29,E0PKlpxPScy9,,O0PKlunS2BQn,CSE
JKH.N0000,BUY,500,22.40,"11,200.00",NEW,500,,,CAS/92390-LI/0,0,0,DAY,,500,0,2025-11-25 03:30:21.0,92390LI0-woMedT0dx,2025-11-25 09:00:21,E0PKlpxPScko,,O0PKlunS2BFC,CSE
COMB.N0000,BUY,50,208.00,"10,400.00",NEW,50,,,CAS/92390-LI/0,0,0,DAY,,50,0,2025-11-25 03:30:14.0,92390LI0-wozfsV59p,2025-11-25 09:00:14,E0PKlpxPSca9,,O0PKlunS2B5V,CSE
COMB.N0000,BUY,50,208.00,"10,400.00",QUEUED,50,,,CAS/92390-LI/0,0,0,DAY,2025-11-24,50,0,2025-11-24 15:21:14.0,92390LI0-wozfsV59p,2025-11-24 15:21:14,,,-,CSE
JKH.N0000,BUY,500,22.40,"11,200.00",QUEUED,500,,,CAS/92390-LI/0,0,0,DAY,2025-11-24,500,0,2025-11-24 15:20:13.0,92390LI0-woMedT0dx,2025-11-24 15:20:13,,,-,CSE
SAMP.N0000,BUY,50,146.00,"7,300.00",QUEUED,50,,,CAS/92390-LI/0,0,0,DAY,2025-11-24,50,0,2025-11-24 15:17:55.0,92390LI0-wo2B5QWTI,2025-11-24 15:17:55,,,-,CSE
UCAR.N0000,BUY,10,"1,330.00","13,300.00",QUEUED,10,,,CAS/92390-LI/0,0,0,DAY,2025-11-24,10,0,2025-11-24 15:16:59.0,92390LI0-woTvdjXlq,2025-11-24 15:16:59,,,-,CSE
VFIN.N0000,BUY,200,110.00,"22,000.00",NEW,200,,,CAS/92390-LI/0,0,0,DAY,,200,0,2025-11-21 03:30:27.0,92390LI0-woxVlYl3P,2025-11-21 09:30:55,0,,O0PHrvBenBB2,CSE
VFIN.N0000,BUY,200,110.00,"22,000.00",NEW,200,,,CAS/92390-LI/0,0,0,DAY,,200,0,2025-11-21 03:30:27.0,92390LI0-woxVlYl3P,2025-11-21 09:00:27,E0PHrqLcDdlA,,O0PHrvBenBB2,CSE
VFIN.N0000,BUY,200,110.00,"22,000.00",QUEUED,200,,,CAS/92390-LI/0,0,0,DAY,2025-11-20,200,0,2025-11-20 16:14:04.0,92390LI0-woxVlYl3P,2025-11-20 16:14:04,,,-,CSE
JAT.N0000,BUY,100,49.80,"4,980.00",EXPIRED,0,Expired (end of day),,CAS/92390-LI/0,0,0,DAY,,0,0,2025-11-20 09:18:36.0,92390LI0-wo0ZN33gl,2025-11-20 14:50:06,E0PH8srghg9y,,O0PH8xhjGxrl,CSE
JAT.N0000,BUY,100,49.80,"4,980.00",NEW,100,,,CAS/92390-LI/0,0,0,DAY,,100,0,2025-11-20 08:45:20.0,92390LI0-wo0ZN33gl,2025-11-20 14:15:20,E0PH8srghd38,,O0PH8xhjGxrl,CSE
JAT.N0000,BUY,500,49.70,"24,850.00",EXPIRED,0,Expired (unfilled minimum quantity),,CAS/92390-LI/0,0,0,DAY,,0,0,2025-11-20 08:44:24.0,92390LI0-wodlobBi7,2025-11-20 14:14:24,E0PH8srghcy5,,O0PH8xhjGxpQ,CSE
LIOC.N0000,BUY,200,130.00,"26,000.00",EXPIRED,0,Expired (end of day),,CAS/92390-LI/0,0,0,DAY,,0,0,2025-11-19 09:19:05.0,92390LI0-wohK0HHfO,2025-11-19 14:50:13,E0PGQ53qKoHY,,O0PGQ9tstxVx,CSE
COMB.N0000,BUY,100,208.50,"20,850.00",EXPIRED,0,Expired (end of day),,CAS/92390-LI/0,0,0,DAY,,0,0,2025-11-19 09:19:05.0,92390LI0-wo2B4WtEB,2025-11-19 14:49:45,E0PGQ53qKnLF,,O0PGQ9tstx6K,CSE
JKH.N0000,BUY,70,22.00,"1,540.00",CANCELED,0,Cancelled by Owner,,CAS/92390-LI/0,0,0,DAY,,0,0,2025-11-19 08:40:27.0,92390LI0-wo5yAX9n2,2025-11-19 14:10:27,E0PGQ53qKkU8,,O0PGQ9tstxHc,CSE
JKH.N0000,BUY,0,0.00,0.00,P.CHANGE,0,,,CAS/92390-LI/0,0,0,,,0,0,2025-11-19 13:15:18.0,92390LI0-wo5yAX9n2,2025-11-19 14:10:27,,,O0PGQ9tstxHc,CSE
SAMP.N0000,BUY,100,146.50,"14,650.00",FILLED,0,,TSL,CAS/92390-LI/0,100,100,DAY,,0,0,2025-11-19 08:37:30.0,92390LI0-wovkc5MQN,2025-11-19 14:07:30,E0PGQ53qKkDo,,O0PGQ9tstx5H,CSE
COMB.N0000,BUY,100,208.50,"20,850.00",NEW,100,,,CAS/92390-LI/0,0,0,DAY,,100,0,2025-11-19 08:36:43.0,92390LI0-wo2B4WtEB,2025-11-19 14:06:43,E0PGQ53qKk9S,,O0PGQ9tstx6K,CSE
COMB.N0000,BUY,100,208.50,"20,850.00",P.CHANGE,100,,,CAS/92390-LI/0,0,0,DAY,2025-11-19,100,0,2025-11-19 13:08:59.0,92390LI0-wo2B4WtEB,2025-11-19 14:06:43,,,O0PGQ9tstx6K,CSE
SAMP.N0000,BUY,100,146.50,"14,650.00",NEW,100,,,CAS/92390-LI/0,0,0,DAY,,100,0,2025-11-19 08:35:53.0,92390LI0-wovkc5MQN,2025-11-19 14:05:53,E0PGQ53qKk5L,,O0PGQ9tstx5H,CSE
SAMP.N0000,BUY,100,146.50,"14,650.00",P.CHANGE,100,,,CAS/92390-LI/0,0,0,DAY,2025-11-19,100,0,2025-11-19 13:08:18.0,92390LI0-wovkc5MQN,2025-11-19 14:05:53,,,O0PGQ9tstx5H,CSE
SAMP.N0000,BUY,25,146.50,"3,662.50",FILLED,0,,JKB,CAS/92390-LI/0,25,25,DAY,,0,0,2025-11-19 08:27:26.0,92390LI0-wo3aqrO39,2025-11-19 13:57:26,E0PGQ53qKjTZ,,O0PGQ9tstx8P,CSE
LIOC.N0000,BUY,200,130.00,"26,000.00",NEW,200,,,CAS/92390-LI/0,0,0,DAY,,200,0,2025-11-19 07:53:26.0,92390LI0-wohK0HHfO,2025-11-19 13:23:26,E0PGQ53qKhQV,,O0PGQ9tstxVx,CSE
LIOC.N0000,BUY,100,132.00,"13,200.00",FILLED,0,,DSA,CAS/92390-LI/0,98,100,DAY,,0,0,2025-11-19 07:50:40.0,92390LI0-wowGl8Gtp,2025-11-19 13:20:40,E0PGQ53qKhFx,,O0PGQ9tstxDq,CSE
SAMP.N0000,BUY,100,145.50,"14,550.00",EXPIRED,0,Expired (unfilled minimum quantity),,CAS/92390-LI/0,0,0,DAY,,0,0,2025-11-19 07:48:33.0,92390LI0-wojqZZzsi,2025-11-19 13:18:33,E0PGQ53qKh7P,,O0PGQ9tstxNJ,CSE
JKH.N0000,BUY,70,22.00,"1,540.00",NEW,70,,,CAS/92390-LI/0,0,0,DAY,,70,0,2025-11-19 07:45:18.0,92390LI0-woT1ispOc,2025-11-19 13:15:18,E0PGQ53qKgro,,O0PGQ9tstxHc,CSE
LIOC.N0000,BUY,100,132.00,"13,200.00",P.FILLED,98,,FWS,CAS/92390-LI/0,2,2,DAY,,98,0,2025-11-19 07:43:46.0,92390LI0-wowGl8Gtp,2025-11-19 13:13:46,E0PGQ53qKglA,,O0PGQ9tstxDq,CSE
LIOC.N0000,BUY,100,132.00,"13,200.00",NEW,100,,,CAS/92390-LI/0,0,0,DAY,,100,0,2025-11-19 07:43:24.0,92390LI0-wowGl8Gtp,2025-11-19 13:13:24,E0PGQ53qKgjY,,O0PGQ9tstxDq,CSE
SAMP.N0000,BUY,100,146.00,"14,600.00",NEW,100,,,CAS/92390-LI/0,0,0,DAY,,100,0,2025-11-19 07:41:44.0,92390LI0-woK1ZMIyr,2025-11-19 13:11:44,E0PGQ53qKgan,,O0PGQ9tstx5H,CSE
SAMP.N0000,BUY,100,146.00,"14,600.00",P.CHANGE,100,,,CAS/92390-LI/0,0,0,DAY,2025-11-19,100,0,2025-11-19 13:08:18.0,92390LI0-woK1ZMIyr,2025-11-19 13:11:44,,,O0PGQ9tstx5H,CSE
SAMP.N0000,BUY,25,146.50,"3,662.50",NEW,25,,,CAS/92390-LI/0,0,0,DAY,,25,0,2025-11-19 07:40:15.0,92390LI0-wo3aqrO39,2025-11-19 13:10:15,E0PGQ53qKgRS,,O0PGQ9tstx8P,CSE
COMB.N0000,BUY,100,208.00,"20,800.00",NEW,100,,,CAS/92390-LI/0,0,0,DAY,,100,0,2025-11-19 07:38:59.0,92390LI0-wocoYK7Qf,2025-11-19 13:08:59,E0PGQ53qKgMx,,O0PGQ9tstx6K,CSE
SAMP.N0000,BUY,200,146.00,"29,200.00",NEW,200,,,CAS/92390-LI/0,0,0,DAY,,200,0,2025-11-19 07:38:18.0,92390LI0-woSMNefRC,2025-11-19 13:08:18,E0PGQ53qKgKd,,O0PGQ9tstx5H,CSE
CDB.X0000,BUY,50,310.00,"15,500.00",REJECTED,0,Orders with minimum size not permitted during auction call,,CAS/92390-LI/0,0,0,DAY,,0,20,2025-11-18 03:30:10.0,92390LI0-wo6TezKZr,2025-11-18 09:00:10,E0PFh7Zunmdk,,O0PFhCPxNJht,CSE
CDB.X0000,BUY,50,310.00,"15,500.00",Q.AMEND,50,,,CAS/92390-LI/0,0,0,DAY,2025-11-17,50,20,2025-11-17 17:09:24.0,92390LI0-wo6TezKZr,2025-11-17 17:18:34,,,-,CSE
CDB.X0000,BUY,50,310.00,"15,500.00",Q.AMEND,50,,,CAS/92390-LI/0,0,0,DAY,2025-11-17,50,0,2025-11-17 17:09:24.0,92390LI0-wo6TezKZr,2025-11-17 17:12:03,,,-,CSE
CDB.X0000,BUY,50,314.00,"15,700.00",QUEUED,50,,,CAS/92390-LI/0,0,0,DAY,2025-11-17,50,0,2025-11-17 17:09:24.0,92390LI0-wo6TezKZr,2025-11-17 17:09:24,,,-,CSE
DIAL.N0000,BUY,200,31.00,"6,200.00",FILLED,0,,LSE,CAS/92390-LI/0,200,200,DAY,,0,0,2025-11-17 07:45:47.0,92390LI0-wocG4W3Cu,2025-11-17 13:15:47,E0PEyA5zHq0o,,O0PEyEw1r8es,CSE
BUKI.N0000,SELL,10,"1,082.00","10,820.00",FILLED,0,,CSC,CAS/92390-LI/0,10,10,DAY,,0,0,2025-11-17 07:44:01.0,92390LI0-woG3LW9cH,2025-11-17 13:14:01,E0PEyA5zHptg,,O0PEyEw1r8bV,CSE
SAMP.N0000,BUY,34,147.00,"4,998.00",FILLED,0,,ASI,CAS/92390-LI/0,34,34,DAY,,0,0,2025-11-17 07:41:05.0,92390LI0-woRA8iO4S,2025-11-17 13:11:05,E0PEyA5zHpfT,,O0PEyEw1r8W1,CSE
SAMP.N0000,BUY,100,147.00,"14,700.00",FILLED,0,,ASI,CAS/92390-LI/0,100,100,DAY,,0,0,2025-11-17 07:39:53.0,92390LI0-woZxMSMF9,2025-11-17 13:09:53,E0PEyA5zHpbQ,,O0PEyEw1r8U0,CSE
CARS.N0000,SELL,9,803.50,"7,231.50",FILLED,0,,MSB,CAS/92390-LI/0,1,9,DAY,,0,0,2025-11-06 07:06:48.0,92390LI0-wo9Z1SahG,2025-11-06 12:36:48,E0P70OBCIClo,,O0P70T1ErTav,CSE
ACL.N0000,BUY,65,219.75,"14,283.75",FILLED,0,,HDF,CAS/92390-LI/0,5,65,DAY,,0,0,2025-11-06 07:04:11.0,92390LI0-wonxblhzW,2025-11-06 12:34:11,E0P70OBCICVv,,O0P70T1ErTp8,CSE
COMB.N0000,BUY,50,207.75,"10,387.50",FILLED,0,,CTS,CAS/92390-LI/0,47,50,DAY,,0,0,2025-11-06 07:00:57.0,92390LI0-wo9HbzIT1,2025-11-06 12:30:57,E0P70OBCIC9r,,O0P70T1ErTrD,CSE
COMB.N0000,BUY,50,207.75,"10,387.50",P.FILLED,47,,COM,CAS/92390-LI/0,3,3,DAY,,47,0,2025-11-06 07:00:57.0,92390LI0-wo9HbzIT1,2025-11-06 12:30:57,E0P70OBCIC9p,,O0P70T1ErTrD,CSE
ACL.N0000,BUY,65,219.75,"14,283.75",P.FILLED,55,,SMS,CAS/92390-LI/0,10,10,DAY,,55,0,2025-11-06 07:00:01.0,92390LI0-wonxblhzW,2025-11-06 12:30:01,E0P70OBCIC4b,,O0P70T1ErTp8,CSE
ACL.N0000,BUY,65,219.75,"14,283.75",P.FILLED,5,,ASI,CAS/92390-LI/0,50,60,DAY,,5,0,2025-11-06 07:00:01.0,92390LI0-wonxblhzW,2025-11-06 12:30:01,E0P70OBCIC4d,,O0P70T1ErTp8,CSE
UCAR.N0000,BUY,12,"1,428.00","17,136.00",FILLED,0,,DSA,CAS/92390-LI/0,12,12,DAY,,0,0,2025-11-06 06:59:20.0,92390LI0-woZ0yFORn,2025-11-06 12:29:20,E0P70OBCIC0S,,O0P70T1ErTna,CSE
KCAB.N0000,SELL,6,"1,122.00","6,732.00",FILLED,0,,CSC,CAS/92390-LI/0,3,6,DAY,,0,0,2025-11-06 06:56:20.0,92390LI0-woiiYcv46,2025-11-06 12:26:20,E0P70OBCIBhr,,O0P70T1ErTfz,CSE
KCAB.N0000,SELL,6,"1,122.00","6,732.00",P.FILLED,3,,LSE,CAS/92390-LI/0,3,3,DAY,,3,0,2025-11-06 06:56:20.0,92390LI0-woiiYcv46,2025-11-06 12:26:20,E0P70OBCIBhp,,O0P70T1ErTfz,CSE
CARS.N0000,SELL,9,803.50,"7,231.50",P.FILLED,1,,LSL,CAS/92390-LI/0,8,8,DAY,,1,0,2025-11-06 06:54:27.0,92390LI0-wo9Z1SahG,2025-11-06 12:24:27,E0P70OBCIBVD,,O0P70T1ErTav,CSE
BUKI.N0000,SELL,5,"1,125.00","5,625.00",FILLED,0,,MSB,CAS/92390-LI/0,4,5,DAY,,0,0,2025-11-06 04:25:53.0,92390LI0-woB3ILIXu,2025-11-06 09:55:53,E0P70OBCHrLs,,O0P70T1ErGKJ,CSE
KCAB.N0000,SELL,2,"1,150.00","2,300.00",FILLED,0,,DSA,CAS/92390-LI/0,2,2,DAY,,0,0,2025-11-06 04:00:00.0,92390LI0-woLr0MicB,2025-11-06 09:30:08,E0P70OBCHlj7,,O0P70T1ErGm0,CSE
CARS.N0000,SELL,2,803.50,"1,607.00",FILLED,0,,ASI,CAS/92390-LI/0,2,2,DAY,,0,0,2025-11-06 04:00:00.0,92390LI0-wo87DkyAe,2025-11-06 09:30:00,E0P70OBCHlYE,,O0P70T1ErGL1,CSE
BUKI.N0000,SELL,5,"1,125.00","5,625.00",P.FILLED,4,,BMS,CAS/92390-LI/0,1,1,DAY,,4,0,2025-11-06 04:00:00.0,92390LI0-woB3ILIXu,2025-11-06 09:30:00,E0P70OBCHlY7,,O0P70T1ErGKJ,CSE
KCAB.N0000,SELL,2,"1,150.00","2,300.00",NEW,2,,,CAS/92390-LI/0,0,0,DAY,,2,0,2025-11-06 03:30:29.0,92390LI0-woLr0MicB,2025-11-06 09:00:29,E0P70OBCHjcN,,O0P70T1ErGm0,CSE
JKH.N0000,BUY,"1,000",21.30,"21,300.00",REJECTED,0,Orders with minimum size not permitted during auction call,,CAS/92390-LI/0,0,0,DAY,,0,500,2025-11-06 03:30:29.0,92390LI0-wouQu0gLT,2025-11-06 09:00:29,E0P70OBCHjba,,O0P70T1ErGlH,CSE
CARS.N0000,SELL,2,803.50,"1,607.00",NEW,2,,,CAS/92390-LI/0,0,0,DAY,,2,0,2025-11-06 03:30:11.0,92390LI0-wo87DkyAe,2025-11-06 09:00:11,E0P70OBCHj9B,,O0P70T1ErGL1,CSE
BUKI.N0000,SELL,5,"1,125.00","5,625.00",NEW,5,,,CAS/92390-LI/0,0,0,DAY,,5,0,2025-11-06 03:30:11.0,92390LI0-woB3ILIXu,2025-11-06 09:00:11,E0P70OBCHj8M,,O0P70T1ErGKJ,CSE
JKH.N0000,BUY,"1,000",21.30,"21,300.00",Q.AMEND,"1,000",,,CAS/92390-LI/0,0,0,DAY,2025-11-06,"1,000",500,2025-11-05 22:02:40.0,92390LI0-wouQu0gLT,2025-11-05 22:05:31,,,-,CSE
JKH.N0000,BUY,500,21.30,"10,650.00",QUEUED,500,,,CAS/92390-LI/0,0,0,DAY,2025-11-06,500,0,2025-11-05 22:02:40.0,92390LI0-wouQu0gLT,2025-11-05 22:02:40,,,-,CSE
CARS.N0000,SELL,2,803.50,"1,607.00",Q.AMEND,2,,,CAS/92390-LI/0,0,0,DAY,2025-11-06,2,0,2025-11-05 14:32:48.0,92390LI0-wo87DkyAe,2025-11-05 22:00:45,,,-,CSE
CARS.N0000,SELL,1,803.50,803.50,QUEUED,1,,,CAS/92390-LI/0,0,0,DAY,2025-11-06,1,0,2025-11-05 14:32:48.0,92390LI0-wo87DkyAe,2025-11-05 14:32:48,,,-,CSE
KCAB.N0000,SELL,2,"1,150.00","2,300.00",QUEUED,2,,,CAS/92390-LI/0,0,0,DAY,2025-11-06,2,0,2025-11-05 14:32:03.0,92390LI0-woLr0MicB,2025-11-05 14:32:03,,,-,CSE
BUKI.N0000,SELL,5,"1,125.00","5,625.00",QUEUED,5,,,CAS/92390-LI/0,0,0,DAY,2025-11-06,5,0,2025-11-05 14:29:34.0,92390LI0-woB3ILIXu,2025-11-05 14:29:34,,,-,CSE
SAMP.N0000,BUY,100,147.00,"14,700.00",FILLED,0,,IFL,CAS/92390-LI/0,100,100,DAY,,0,0,2025-11-03 07:34:35.0,92390LI0-woHab9b6O,2025-11-03 13:04:35,E0P4pM3KZWq6,,O0P4pQtN8ret,CSE
JKH.N0000,BUY,340,20.50,"6,970.00",EXPIRED,0,Expired (end of day),,CAS/92390-LI/0,0,0,DAY,,0,0,2025-10-30 09:19:11.0,92390LI0-woQlskbpw,2025-10-30 14:50:23,E0P1utPHsbth,,O0P1uyFKRenz,CSE
DIAL.N0000,BUY,200,29.00,"5,800.00",FILLED,0,,COM,CAS/92390-LI/0,200,200,DAY,,0,0,2025-10-30 08:13:29.0,92390LI0-wofgfQFxo,2025-10-30 13:43:29,E0P1utPHsUpF,,O0P1uyFKRmWb,CSE
SAMP.N0000,BUY,50,147.00,"7,350.00",FILLED,0,,ASI,CAS/92390-LI/0,50,50,DAY,,0,0,2025-10-30 08:05:54.0,92390LI0-wovcNN6Rt,2025-10-30 13:35:54,E0P1utPHsUAq,,O0P1uyFKRmFq,CSE
JKH.N0000,BUY,340,20.50,"6,970.00",NEW,340,,,CAS/92390-LI/0,0,0,DAY,,340,0,2025-10-30 05:00:55.0,92390LI0-woQlskbpw,2025-10-30 10:30:55,E0P1utPHsCzr,,O0P1uyFKRenz,CSE
TJL.N0000,BUY,126,39.90,"5,027.40",Q.AMEND,126,,,CAS/92390-LI/0,0,0,DAY,2025-10-29,126,0,2025-10-29 12:45:41.0,92390LI0-wojE0LxlL,2025-10-29 16:47:13,,,O0P1Cn9ogDOH,CSE
TJL.N0000,BUY,126,39.50,"4,977.00",NEW,126,,,CAS/92390-LI/0,0,0,DAY,,126,0,2025-10-29 07:15:41.0,92390LI0-woWpD4UnP,2025-10-29 12:45:41,E0P1CiJm6utc,,O0P1Cn9ogDOH,CSE
LIOC.N0000,BUY,50,139.00,"6,950.00",FILLED,0,,CAS,CAS/92390-LI/0,50,50,DAY,,0,0,2025-10-29 07:07:59.0,92390LI0-wo2tWVWKQ,2025-10-29 12:37:59,E0P1CiJm6uCY,,O0P1Cn9ogD6L,CSE
JAT.N0000,BUY,100,50.30,"5,030.00",FILLED,0,,MSB,CAS/92390-LI/0,100,100,DAY,,0,0,2025-10-29 07:06:18.0,92390LI0-wo6yJLEBY,2025-10-29 12:36:18,E0P1CiJm6u4h,,O0P1Cn9ogD2p,CSE
JKH.N0000,BUY,100,21.00,"2,100.00",FILLED,0,,JKB,CAS/92390-LI/0,100,100,DAY,,0,0,2025-10-29 04:00:00.0,92390LI0-woHxw2ni1,2025-10-29 09:30:02,E0P1CiJm6UIb,,O0P1Cn9ofzqc,CSE
JKH.N0000,BUY,100,21.00,"2,100.00",NEW,100,,,CAS/92390-LI/0,0,0,DAY,,100,0,2025-10-29 03:30:17.0,92390LI0-woHxw2ni1,2025-10-29 09:00:17,E0P1CiJm6SWR,,O0P1Cn9ofzqc,CSE
JKH.N0000,BUY,100,21.00,"2,100.00",QUEUED,100,,,CAS/92390-LI/0,0,0,DAY,2025-10-28,100,0,2025-10-28 16:12:14.0,92390LI0-woHxw2ni1,2025-10-28 16:12:14,,,-,CSE
SAMP.N0000,BUY,50,148.50,"7,425.00",FILLED,0,,ASI,CAS/92390-LI/0,50,50,DAY,,0,0,2025-10-28 04:00:00.0,92390LI0-wo8Pcma3w,2025-10-28 09:30:18,E0P0SyRQpFXg,,O0P0T3HTOkLw,CSE
JKH.N0000,BUY,290,21.50,"6,235.00",FILLED,0,,BMS,CAS/92390-LI/0,290,290,DAY,,0,0,2025-10-28 04:00:00.0,92390LI0-wonGoxz5h,2025-10-28 09:30:16,E0P0SyRQpFPH,,O0P0T3HTOk5S,CSE
BUKI.N0000,BUY,10,"1,199.00","11,990.00",FILLED,0,,DSA,CAS/92390-LI/0,10,10,DAY,,0,0,2025-10-28 04:00:00.0,92390LI0-woPK7EfqE,2025-10-28 09:30:06,E0P0SyRQpFI2,,O0P0T3HTOjog,CSE
ACL.N0000,BUY,50,221.00,"11,050.00",FILLED,0,,ASI,CAS/92390-LI/0,50,50,DAY,,0,0,2025-10-28 04:00:00.0,92390LI0-wouU6g8CQ,2025-10-28 09:30:00,E0P0SyRQpFGB,,O0P0T3HTOjcH,CSE
SAMP.N0000,BUY,50,148.50,"7,425.00",NEW,50,,,CAS/92390-LI/0,0,0,DAY,,50,0,2025-10-28 03:30:32.0,92390LI0-wo8Pcma3w,2025-10-28 09:00:32,E0P0SyRQpDyf,,O0P0T3HTOkLw,CSE
JKH.N0000,BUY,290,21.50,"6,235.00",NEW,290,,,CAS/92390-LI/0,0,0,DAY,,290,0,2025-10-28 03:30:20.0,92390LI0-wonGoxz5h,2025-10-28 09:00:20,E0P0SyRQpDgb,,O0P0T3HTOk5S,CSE
BUKI.N0000,BUY,10,"1,199.00","11,990.00",NEW,10,,,CAS/92390-LI/0,0,0,DAY,,10,0,2025-10-28 03:30:10.0,92390LI0-woPK7EfqE,2025-10-28 09:00:10,E0P0SyRQpDOv,,O0P0T3HTOjog,CSE
ACL.N0000,BUY,50,221.00,"11,050.00",NEW,50,,,CAS/92390-LI/0,0,0,DAY,,50,0,2025-10-28 03:30:00.0,92390LI0-wouU6g8CQ,2025-10-28 09:00:00,E0P0SyRQpDAY,,O0P0T3HTOjcH,CSE
SAMP.N0000,BUY,50,148.50,"7,425.00",QUEUED,50,,,CAS/92390-LI/0,0,0,DAY,2025-10-27,50,0,2025-10-27 15:21:57.0,92390LI0-wo8Pcma3w,2025-10-27 15:21:57,,,-,CSE
ACL.N0000,BUY,50,221.00,"11,050.00",QUEUED,50,,,CAS/92390-LI/0,0,0,DAY,2025-10-27,50,0,2025-10-27 15:20:42.0,92390LI0-wouU6g8CQ,2025-10-27 15:20:42,,,-,CSE
JKH.N0000,BUY,290,21.50,"6,235.00",QUEUED,290,,,CAS/92390-LI/0,0,0,DAY,2025-10-27,290,0,2025-10-27 15:17:53.0,92390LI0-wonGoxz5h,2025-10-27 15:17:53,,,-,CSE
BUKI.N0000,BUY,10,"1,199.00","11,990.00",QUEUED,10,,,CAS/92390-LI/0,0,0,DAY,2025-10-27,10,0,2025-10-27 15:15:06.0,92390LI0-woPK7EfqE,2025-10-27 15:15:06,,,-,CSE
COMB.N0000,BUY,50,204.75,"10,237.50",FILLED,0,,DSA,CAS/92390-LI/0,50,50,DAY,,0,0,2025-10-27 06:54:27.0,92390LI0-woS9rnmgi,2025-10-27 12:24:27,E0Ozk0xVJBQ1,,O0Ozk5nXsWZE,CSE
BUKI.N0000,BUY,5,"1,171.00","5,855.00",FILLED,0,,MSB,CAS/92390-LI/0,5,5,DAY,,0,0,2025-10-27 06:46:12.0,92390LI0-woXb22xg4,2025-10-27 12:16:12,E0Ozk0xVJAcd,,O0Ozk5nXsKWZ,CSE
CARS.N0000,BUY,11,880.00,"9,680.00",FILLED,0,,DSA,CAS/92390-LI/0,3,11,DAY,,0,0,2025-10-27 05:05:59.0,92390LI0-wonSzQji9,2025-10-27 10:35:59,E0Ozk0xVJ0Sn,,O0Ozk5nXsKXR,CSE
CARS.N0000,BUY,11,880.00,"9,680.00",P.FILLED,3,,CAS,CAS/92390-LI/0,8,8,DAY,,3,0,2025-10-27 04:23:02.0,92390LI0-wonSzQji9,2025-10-27 09:53:02,E0Ozk0xVIuTT,,O0Ozk5nXsKXR,CSE
BUKI.N0000,BUY,5,"1,171.00","5,855.00",NEW,5,,,CAS/92390-LI/0,0,0,DAY,,5,0,2025-10-27 03:30:11.0,92390LI0-woXb22xg4,2025-10-27 09:51:18,0,,O0Ozk5nXsKWZ,CSE
CARS.N0000,BUY,11,880.00,"9,680.00",NEW,11,,,CAS/92390-LI/0,0,0,DAY,,11,0,2025-10-27 03:30:12.0,92390LI0-wonSzQji9,2025-10-27 09:51:18,0,,O0Ozk5nXsKXR,CSE
UCAR.N0000,BUY,12,"1,257.00","15,084.00",FILLED,0,,CAS,CAS/92390-LI/0,12,12,DAY,,0,0,2025-10-27 04:03:17.0,92390LI0-wob43ljmt,2025-10-27 09:33:17,E0Ozk0xVIqbk,,O0Ozk5nXsLXm,CSE
UCAR.N0000,BUY,12,"1,257.00","15,084.00",NEW,12,,,CAS/92390-LI/0,0,0,DAY,,12,0,2025-10-27 03:30:56.0,92390LI0-wob43ljmt,2025-10-27 09:00:56,E0Ozk0xVIoK0,,O0Ozk5nXsLXm,CSE
BUKI.N0000,BUY,5,"1,171.00","5,855.00",NEW,5,,,CAS/92390-LI/0,0,0,DAY,,5,0,2025-10-27 03:30:11.0,92390LI0-woXb22xg4,2025-10-27 09:00:12,E0Ozk0xVInD3,,O0Ozk5nXsKWZ,CSE
CARS.N0000,BUY,11,880.00,"9,680.00",NEW,11,,,CAS/92390-LI/0,0,0,DAY,,11,0,2025-10-27 03:30:12.0,92390LI0-wonSzQji9,2025-10-27 09:00:12,E0Ozk0xVInDz,,O0Ozk5nXsKXR,CSE
BUKI.N0000,BUY,5,"1,171.00","5,855.00",QUEUED,5,,,CAS/92390-LI/0,0,0,DAY,2025-10-27,5,0,2025-10-26 22:03:15.0,92390LI0-woXb22xg4,2025-10-26 22:03:15,,,-,CSE
CARS.N0000,BUY,11,880.00,"9,680.00",QUEUED,11,,,CAS/92390-LI/0,0,0,DAY,2025-10-27,11,0,2025-10-26 21:59:50.0,92390LI0-wonSzQji9,2025-10-26 21:59:50,,,-,CSE
UCAR.N0000,BUY,12,"1,257.00","15,084.00",QUEUED,12,,,CAS/92390-LI/0,0,0,DAY,2025-10-27,12,0,2025-10-26 21:53:04.0,92390LI0-wob43ljmt,2025-10-26 21:53:04,,,-,CSE
SAMP.N0000,BUY,35,149.75,"5,241.25",FILLED,0,,CTS,CAS/92390-LI/0,35,35,DAY,,0,0,2025-10-23 07:01:21.0,92390LI0-woyDyEKSY,2025-10-23 12:31:22,E0OwqB1nDdx5,,O0OwqFrpmv1H,CSE
COMB.N0000,BUY,25,205.50,"5,137.50",FILLED,0,,CSC,CAS/92390-LI/0,25,25,DAY,,0,0,2025-10-23 06:59:54.0,92390LI0-woDaMxu15,2025-10-23 12:29:54,E0OwqB1nDdna,,O0OwqFrpmux7,CSE
CCS.N0000,BUY,50,118.00,"5,900.00",FILLED,0,,HDF,CAS/92390-LI/0,50,50,DAY,,0,0,2025-10-23 06:59:14.0,92390LI0-wolIpwSb5,2025-10-23 12:29:14,E0OwqB1nDdiG,,O0OwqFrpmuv4,CSE
MELS.N0000,BUY,50,193.00,"9,650.00",FILLED,0,,ASI,CAS/92390-LI/0,50,50,DAY,,0,0,2025-10-23 06:58:37.0,92390LI0-wogD3sE59,2025-10-23 12:28:37,E0OwqB1nDdeb,,O0OwqFrpmutc,CSE
TJL.N0000,BUY,121,40.90,"4,948.90",FILLED,0,,BMS,CAS/92390-LI/0,121,121,DAY,,0,0,2025-10-23 04:00:00.0,92390LI0-wonHqsxYu,2025-10-23 09:30:13,E0OwqB1nDCqi,,O0OwqFrpmhgG,CSE
KCAB.N0000,BUY,8,"1,150.00","9,200.00",FILLED,0,,ARR,CAS/92390-LI/0,8,8,DAY,,0,0,2025-10-23 04:00:00.0,92390LI0-woqz6JAZf,2025-10-23 09:30:10,E0OwqB1nDCi4,,O0OwqFrpmhQ2,CSE
TJL.N0000,BUY,121,40.90,"4,948.90",NEW,121,,,CAS/92390-LI/0,0,0,DAY,,121,0,2025-10-23 03:30:31.0,92390LI0-wonHqsxYu,2025-10-23 09:00:32,E0OwqB1nDB1f,,O0OwqFrpmhgG,CSE
KCAB.N0000,BUY,8,"1,150.00","9,200.00",NEW,8,,,CAS/92390-LI/0,0,0,DAY,,8,0,2025-10-23 03:30:21.0,92390LI0-woqz6JAZf,2025-10-23 09:00:21,E0OwqB1nDAkK,,O0OwqFrpmhQ2,CSE
TJL.N0000,BUY,121,40.90,"4,948.90",QUEUED,121,,,CAS/92390-LI/0,0,0,DAY,2025-10-22,121,0,2025-10-22 18:22:33.0,92390LI0-wonHqsxYu,2025-10-22 18:22:33,,,-,CSE
KCAB.N0000,BUY,8,"1,150.00","9,200.00",QUEUED,8,,,CAS/92390-LI/0,0,0,DAY,2025-10-22,8,0,2025-10-22 18:09:54.0,92390LI0-woqz6JAZf,2025-10-22 18:09:54,,,-,CSE
SAMP.N0000,BUY,66,149.50,"9,867.00",FILLED,0,,BMS,CAS/92390-LI/0,66,66,DAY,,0,0,2025-10-22 04:00:00.0,92390LI0-woTpfN3bI,2025-10-22 09:30:09,E0Ow7DXrgnxZ,,O0Ow7INuGId5,CSE
COMB.N0000,BUY,45,207.50,"9,337.50",FILLED,0,,DSA,CAS/92390-LI/0,45,45,DAY,,0,0,2025-10-22 04:00:00.0,92390LI0-woC1b7tBB,2025-10-22 09:30:07,E0Ow7DXrgnhs,,O0Ow7INuGI1l,CSE
SAMP.N0000,BUY,66,149.50,"9,867.00",NEW,66,,,CAS/92390-LI/0,0,0,DAY,,66,0,2025-10-22 03:30:43.0,92390LI0-woTpfN3bI,2025-10-22 09:00:43,E0Ow7DXrgm61,,O0Ow7INuGId5,CSE
COMB.N0000,BUY,45,207.50,"9,337.50",NEW,45,,,CAS/92390-LI/0,0,0,DAY,,45,0,2025-10-22 03:30:18.0,92390LI0-woC1b7tBB,2025-10-22 09:00:18,E0Ow7DXrglS3,,O0Ow7INuGI1l,CSE
COMB.N0000,BUY,45,207.50,"9,337.50",QUEUED,45,,,CAS/92390-LI/0,0,0,DAY,2025-10-21,45,0,2025-10-21 15:48:07.0,92390LI0-woC1b7tBB,2025-10-21 15:48:07,,,-,CSE
SAMP.N0000,BUY,66,149.50,"9,867.00",QUEUED,66,,,CAS/92390-LI/0,0,0,DAY,2025-10-21,66,0,2025-10-21 15:47:06.0,92390LI0-woTpfN3bI,2025-10-21 15:47:06,,,-,CSE
JKH.N0000,BUY,460,21.80,"10,028.00",FILLED,0,,ARR,CAS/92390-LI/0,460,460,DAY,,0,0,2025-10-21 06:55:31.0,92390LI0-wo0ccZbfi,2025-10-21 12:25:31,E0OvP2SLvh8y,,O0OvP7IOUy9d,CSE
LIOC.N0000,BUY,74,136.00,"10,064.00",FILLED,0,,DSA,CAS/92390-LI/0,74,74,DAY,,0,0,2025-10-21 06:33:22.0,92390LI0-wopPJrYyS,2025-10-21 12:03:22,E0OvP2SLveji,,O0OvP7IOUxB9,CSE
ACL.N0000,BUY,46,216.00,"9,936.00",FILLED,0,,MSB,CAS/92390-LI/0,46,46,DAY,,0,0,2025-10-21 06:30:57.0,92390LI0-woyLbqCoA,2025-10-21 12:00:57,E0OvP2SLveTM,,O0OvP7IOUx4q,CSE
